wavelength_nm,eta_window,R50_um,R80_um,primary_angle_deg,primary_A3,quadrature_kernel_l1,input_kernel_l1
420,0.8952954549282387,82.98515047886579,165.97030095773158,-43.63519355276336,0.5212853596176645,0.0009051899518577828,0.0013716324992086232
430,0.9011693391132491,75.66956587690984,161.8395711808456,-38.28475381653231,0.531866782853869,0.0008436139099303597,0.0013056916443657726
440,0.9071011707488842,69.54171410024345,157.35493636997856,-32.510945049466635,0.5240160777080695,0.0007846352515500188,0.0012148592420955118
450,0.9132728414065366,64.03881947693914,146.79727109180197,-26.467438223639373,0.5087061774632144,0.0007607693913863887,0.0011244377448345756
460,0.9194357782589362,61.259895527171764,138.10641259550547,-20.503100628571527,0.49033111705326693,0.000766093644234855,0.0010443077577649306
470,0.925090324200239,57.34556652436175,125.94540086878918,-14.858956321319317,0.4661862615108021,0.0007620774924311732,0.0009727486088503614
480,0.9301655893166529,53.14370329587504,116.1991893259157,-9.49230436561377,0.43249156532473876,0.0007419799873904367,0.0009124832374952086
490,0.9345955604054322,50.14724319441698,105.92278319606223,-4.120951912902968,0.3892514616734632,0.0007098890622107534,0.0008637695392584144
500,0.9380703832377958,50.14724319441697,102.95932012207538,1.67449823552494,0.3411400796754502,0.0006715561033783002,0.0008264437514814331
510,0.9404255881125425,48.57975298413939,101.25426410774018,8.33663510595247,0.2964375197302447,0.0006432825454917146,0.0007952223200575847
520,0.9417589859827341,48.57975298413939,102.01558508384883,16.058824148789935,0.26497037014891384,0.0006250472557315434,0.0007775330948696559
530,0.9421213730884825,48.57975298413939,102.95932012207538,24.35806438083631,0.25355632127897054,0.000621148040496612,0.0007714780302667316
540,0.9413676534603351,49.76,105.92278319606223,32.24041335399174,0.2605078029603563,0.0006247609055346233,0.0007743022611059045
550,0.9393638643053068,50.14724319441697,108.62763000268394,39.12662264957298,0.2768740385166108,0.0006260418196614376,0.000792270916804427
560,0.936170705836131,50.14724319441698,112.64899111842945,45.12712072579162,0.2934787259388463,0.0006223753282257089,0.0008227770645835832
570,0.9319619483249554,53.14370329587504,118.01620227748391,50.62465735645527,0.30520520954029634,0.0006112370577708154,0.0008534792016612893
580,0.9268839703156816,55.633371280194766,123.46347476075668,55.97135406442813,0.3114320742343174,0.0005897981803857249,0.0008806688660330854
590,0.9210512601527493,57.34556652436175,131.21104374251428,61.381082211710904,0.3149462879378998,0.0005612289028101212,0.0009022565265906931
600,0.9145848791162777,59.00810113874196,141.83782288233277,66.88068546367356,0.320197488876543,0.0005294592218409678,0.0009199174720077882
610,0.9075789982427184,62.510226363371935,153.8743019480511,72.30739469953711,0.3311365428706979,0.0004952827299232924,0.0009331628525336684
620,0.9000536125231783,67.27958680015804,163.62265368829586,77.40168515099374,0.34941922022374944,0.0004614410912629087,0.0009444787801141053
630,0.8919802944689793,72.53704157187553,176.03808792417624,81.95559590781815,0.37400967190878714,0.00043146174165113304,0.0009557660198113438
640,0.8833550893172413,78.67746818498928,193.52098387513433,85.89371717978109,0.4021712512482582,0.00040848297394301646,0.0009713166562683866
650,0.8742398659920193,84.60114656433446,206.76238052411756,89.25148882024205,0.43076734537355404,0.0003903130264580685,0.0009942521526171164
660,0.8647452127995561,90.56456702264965,221.48790305567482,92.11629661906291,0.4570660503161351,0.0003745840752462662,0.0010202133903422876
