iteration,data_term,regularization_term,objective,residual_norm,residual_relative,L,backtracks,restarted,restarts_total,momentum,extrapolated_negative_count,projected_gradient_relative,objective_relative_change,elapsed_s
1,371147.32183644007,99.87247712598582,371247.194313566,861.5652289135629,0.8553680817412745,112118709.18907046,0,False,0,0.0,0,0.46103016260736435,0.2681485629381279,0.00706880001234822
2,330544.34342146746,180.23181322614388,330724.5752346936,813.0736048125871,0.8072252527414612,112118709.18907046,0,False,0,0.28175352512532087,182,0.3729526161403906,0.10915266081350064,0.012805000005755574
3,296271.30236478517,302.0771867863241,296573.3795515715,769.7678901653214,0.7642310314995279,112118709.18907046,0,False,0,0.434042782780302,425,0.3034260582587312,0.10326174176469112,0.017717400012770668
4,268300.2530543053,461.4674287217343,268761.72048302705,732.5302083249609,0.727261196349093,112118709.18907046,0,False,0,0.5310638054044795,414,0.2485606856293044,0.09377665355736438,0.022484600020106882
5,245868.39236028065,651.6933394739353,246520.0856997546,701.2394631797054,0.6961955222098254,112118709.18907046,0,False,0,0.5987785940560388,615,0.20134405621134757,0.0827559622080819,0.028197600011480972
6,228537.3717430684,863.6784391771928,229401.05018224558,676.0730311779466,0.671210109680165,112118709.18907046,0,False,0,0.6489233261224006,481,0.1674818551657805,0.06944276150527905,0.033163600019179285
7,214732.3511781156,1084.3712654435437,215816.72244355915,655.3355646966149,0.6506218055924078,112118709.18907046,0,False,0,0.6876458540105597,286,0.1447527651832541,0.059216501964112586,0.03827849999652244
8,203182.12842239995,1309.400564892147,204491.5289872921,637.467063341158,0.632881830469129,112118709.18907046,0,False,0,0.718499853459134,226,0.12753033334817426,0.0524759774314005,0.04396350000752136
9,193293.45329713172,1538.7780276681453,194832.23132479988,621.7611330682092,0.6172888712842799,112118709.18907046,0,False,0,0.7436910466053832,206,0.11447306660771665,0.04723568604688997,0.049185600015334785
10,184568.35473321952,1772.87560020708,186341.2303334266,607.5662181741502,0.6031960589052069,112118709.18907046,0,False,0,0.7646647176173088,185,0.10358637736549393,0.043581089913291404,0.05400870001176372
11,176834.67422674168,2012.4932786875997,178847.16750542927,594.7010580564687,0.5904234365176574,112118709.18907046,0,False,0,0.782409243228014,143,0.09488146511847279,0.04021687961696904,0.05882269999710843
12,169801.07111853082,2257.99964156405,172059.07076009488,582.7539294050806,0.5785622422935817,112118709.18907046,0,False,0,0.7976243809601435,116,0.08814698963643801,0.03795473442501305,0.06387579999864101
13,163390.59288137255,2510.944705468989,165901.53758684153,571.6477812103753,0.5675359794430964,112118709.18907046,0,False,0,0.8108199838000861,91,0.08030788183120738,0.03578732086632569,0.06889210001099855
14,157489.30475781683,2772.1872261274743,160261.49198394432,561.2295515345157,0.5571926869866247,112118709.18907046,0,False,0,0.8223766390185732,93,0.07507808242091245,0.03399634316194879,0.07391030000871979
15,152009.94538418943,3043.294938539707,155053.24032272914,551.3799876386328,0.5474139699575803,112118709.18907046,0,False,0,0.8325843815233085,88,0.06906322299522397,0.03249845984047725,0.07891949999611825
16,146976.51037244766,3325.1021328992183,150301.6125053469,542.1743453400348,0.538274542866172,112118709.18907046,0,False,0,0.8416682316299193,77,0.06467144885838276,0.030645137163803682,0.08874920001835562
17,142272.70582704202,3617.239081599961,145889.94490864198,533.4279816939528,0.5295910908847187,112118709.18907046,0,False,0,0.8498055224352064,68,0.060099144753855076,0.029352097580110568,0.09457640000618994
18,137948.82648199954,3919.806193694061,141868.6326756936,525.2596053038907,0.521481468758349,112118709.18907046,0,False,0,0.8571379479988086,63,0.0564055459727262,0.02756401227971241,0.09973960000206716
19,133879.85639448292,4231.4635176373395,138111.31991212026,517.4550345575602,0.5137330354603606,112118709.18907046,0,False,0,0.8637801230052086,51,0.05347596068017676,0.026484450387016956,0.1050833000044804
20,130009.23978291408,4552.273105208263,134561.51288812235,509.92007174245276,0.5062522708323851,112118709.18907046,0,False,0,0.8698257810419169,59,0.050882466584999037,0.02570250596588783,0.11060390001512133
21,126431.53224296357,4882.870056290738,131314.40229925432,502.8549139522524,0.49923793197167715,112118709.18907046,0,False,0,0.8753523399411488,58,0.04718450121104899,0.024131049950127697,0.11558360001072288
22,123062.09390664307,5221.633666723,128283.72757336608,496.10904830821835,0.4925405886226448,112118709.18907046,0,False,0,0.8804243161473297,44,0.045048654628380015,0.02307953029387888,0.12072229999466799
23,119873.1978570184,5568.143503012775,125441.34136003118,489.6390463535734,0.4861171247047873,112118709.18907046,0,False,0,0.8850959137641199,35,0.042932637829994874,0.022157028542137806,0.1255611999949906
24,116794.53991263128,5922.127790143313,122716.6677027746,483.31054181060705,0.4798341404227566,112118709.18907046,0,False,0,0.8894130125262103,30,0.04114873642957418,0.021720699314243162,0.13042470000800677
25,113897.67657861818,6284.781926736711,120182.4585053549,477.27911452025256,0.47384609654821663,112118709.18907046,0,False,0,0.8934147117832398,31,0.0374820849062145,0.020650896450005316,0.13526619999902323
26,111223.48617338402,6655.303828836441,117878.79000222047,471.64284405338753,0.46825036717611007,112118709.18907046,0,False,0,0.8971345422701921,22,0.036073325221598986,0.019168092679946142,0.1402185000188183
27,108648.80578376022,7032.149257117786,115680.955040878,466.1519189786957,0.46279893774221004,112118709.18907046,0,False,0,0.9006014263404838,19,0.034512401743869915,0.018644872086836527,0.14511939999647439
28,106178.12575535082,7415.757647174637,113593.88340252546,460.8212793596902,0.45750664084773984,112118709.18907046,0,False,0,0.9038404456605403,26,0.03290377920342856,0.018041618325289915,0.15007480001077056
29,103835.93704350085,7806.4035163332455,111642.34055983409,455.7102962266726,0.4524324204734867,112118709.18907046,0,False,0,0.906873460036305,31,0.031080880404920762,0.017179999347112593,0.15526490000775084
30,101608.55664211874,8203.39726201197,109811.95390413071,450.7960883639492,0.44755355998591084,112118709.18907046,0,False,0,0.9097196100592845,26,0.02986459472245086,0.016395093891124493,0.1603573000174947
31,99451.95899966995,8606.335913665105,108058.29491333506,445.98645495052864,0.4427785217547324,112118709.18907046,0,False,0,0.9123957282937485,17,0.028592898480401266,0.015969654745663215,0.16887510000378825
32,97368.13923078014,9015.850776199099,106383.99000697923,441.28933644669036,0.4381151891253434,112118709.18907046,0,False,0,0.914916677883027,18,0.026537111497136678,0.015494459797821672,0.17569239999284036
33,95459.67382708304,9432.32531305752,104891.99914014056,436.9431858424686,0.4338002999207504,112118709.18907046,0,False,0,0.917295633120554,20,0.02471202512811222,0.014024580829698124,0.18142880001687445
34,93669.93799350937,9853.089713938543,103523.02770744792,432.82776711645795,0.4297144829644779,112118709.18907046,0,False,0,0.9195443132877347,13,0.023634568108155174,0.01305124741557861,0.18668860002071597
35,91957.96679094316,10276.527389227165,102234.49418017032,428.854210171576,0.42576950739261166,112118709.18907046,0,False,0,0.9216731786097809,15,0.022779949663406865,0.012446830003068933,0.19187130001955666
36,90316.53283876121,10702.005499981737,101018.53833874295,425.0094889264502,0.42195244081899863,112118709.18907046,0,False,0,0.9236915953126076,20,0.0219060208506413,0.011893792317145616,0.197029000002658
37,88741.54207015292,11129.158171101128,99870.70024125405,421.28741274847727,0.4182571371395984,112118709.18907046,0,False,0,0.9256079753284939,19,0.020777436041456175,0.011362648048221442,0.2021674000134226
38,87239.40711589562,11557.676009198678,98797.0831250943,417.7066126263639,0.4147020933323949,112118709.18907046,0,False,0,0.9274298950868183,13,0.019952030153343295,0.010750070977436294,0.20705590001307428
39,85798.92401180061,11987.006704844775,97785.93071664538,414.2437060760262,0.41126409510102846,112118709.18907046,0,False,0,0.9291641969594342,13,0.019114167718261875,0.010234638275389427,0.21193720001610927
40,84421.90371781903,12416.817310288454,96838.72102810748,410.9060810399842,0.4079504772473333,112118709.18907046,0,False,0,0.9308170762496849,16,0.01825114785438977,0.00968656412631212,0.2167652000207454
41,83094.62990051543,12846.607371338572,95941.237271854,407.66316954200175,0.4047308916672794,112118709.18907046,0,False,0,0.9323941560762216,16,0.017531843893996656,0.009267819181471699,0.22162850000313483
42,81816.99430092517,13276.386574386208,95093.38087531138,404.51698184606585,0.4016073341652383,112118709.18907046,0,False,0,0.9339005520751649,15,0.016419736766117823,0.008837246846631484,0.2274022000201512
43,80609.70511921549,13705.995296319868,94315.70041553536,401.52136959124726,0.3986332690311614,112118709.18907046,0,False,0,0.9353409285021578,13,0.015792642188634416,0.008178071413779393,0.23245890001999214
44,79455.03828667976,14134.65052225302,93589.68880893278,398.6352675985399,0.395767926463513,112118709.18907046,0,False,0,0.936719547040866,13,0.014752036333617756,0.007697674972501122,0.24573680001776665
45,78375.01853666457,14561.555750169719,92936.5742868343,395.916704716193,0.393068917915201,112118709.18907046,0,False,0,0.9380403094021824,9,0.014117828928046002,0.006978488019463887,0.25078600001870655
46,77336.38648316145,14985.161147828574,92321.54763099003,393.28459538395714,0.39045574106579756,112118709.18907046,0,False,0,0.9393067946178,10,0.013696885917338543,0.0066177031008920455,0.2556316000118386
47,76342.35921862262,15404.889507873111,91747.24872649573,390.74891994379874,0.3879383044697295,112118709.18907046,0,False,0,0.9405222917844157,9,0.01262944579529911,0.006220637751760537,0.2604730000020936
48,75448.58399476034,15819.730402282974,91268.31439704332,388.4548467834076,0.3856607323338944,112118709.18907046,0,False,0,0.9416898288939467,7,0.011807372975874274,0.0052201492262743295,0.2652772000001278
49,74594.5792055183,16227.189868667941,90821.76907418625,386.25012415666174,0.3834718680428073,112118709.18907046,0,False,0,0.9428121982856035,6,0.011592357532475717,0.004892665387841715,0.2702745000133291
50,73771.12621707028,16626.61022026739,90397.73643733768,384.11229143850704,0.3813494125283042,112118709.18907046,0,False,0,0.9438919791733417,6,0.011337519942986096,0.004668843617241208,0.2751591000123881
51,72977.1943607916,17017.88943271295,89995.08379350456,382.0397737429746,0.37929180223240366,112118709.18907046,0,False,0,0.9449315576338684,8,0.011014517610782393,0.004454233697679287,0.2801702000142541
52,72212.90250435984,17401.15559890591,89614.05810326575,380.03395244204125,0.3773004085910207,112118709.18907046,0,False,0,0.9459331443834135,5,0.010628239818518433,0.004233850052443722,0.2851223000034224
53,71475.18168171888,17776.612119213212,89251.7938009321,378.08777203638545,0.37536822685429083,112118709.18907046,0,False,0,0.9468987906238281,5,0.01022598734877919,0.004042494113102273,0.2904178000171669
54,70764.81281895918,18144.770006083036,88909.58282504222,376.20423394469975,0.3734982368520209,112118709.18907046,0,False,0,0.9478304021985741,5,0.009787895907352169,0.0038342195861423615,0.2955802000069525
55,70086.9571022794,18506.064185636278,88593.02128791568,374.3980691784598,0.37170506363708566,112118709.18907046,0,False,0,0.9487297522654735,6,0.009061552811057685,0.0035604883868309224,0.3005204999935813
56,69445.80444027696,18860.498730450057,88306.30317072701,372.68164548385516,0.3700009859957901,112118709.18907046,0,False,0,0.9495984926646243,5,0.008766338895937704,0.0032363510468490075,0.30521950000547804
57,68825.93271922614,19207.856867484017,88033.78958671016,371.0146431590703,0.36834597424165105,112118709.18907046,0,False,0,0.9504381641357491,5,0.008451822539475462,0.003086003764532948,0.31041609999374487
58,68226.26262733886,19548.541032723806,87774.80366006267,369.39480945822413,0.3667377918325491,112118709.18907046,0,False,0,0.9512502055187321,7,0.00811350441154033,0.0029418922877607577,0.31525250000413507
59,67647.54901031598,19883.095922727658,87530.64493304364,367.8248197452586,0.36517909488881767,112118709.18907046,0,False,0,0.9520359620535963,5,0.007737819692257018,0.002781649366765976,0.3200047000136692
60,67088.53897083271,20211.97001640291,87300.50898723562,366.30189453736847,0.363667123920176,112118709.18907046,0,False,0,0.9527966928812224,6,0.007413571477978495,0.002629204274503723,0.32501550001325086
61,66547.39845689395,20535.54747859124,87082.94593548519,364.82159600795,0.36219747302083577,112118709.18907046,0,False,0,0.9535335778332711,4,0.007109967473008867,0.0024921166471348144,0.3300803000165615
62,66023.16961613802,20854.110101780356,86877.27971791838,363.38180916534066,0.36076804241204474,112118709.18907046,0,False,0,0.9542477235887569,4,0.006816494602514737,0.0023617278372641292,0.3349846000201069
63,65515.5730506793,21168.06069472423,86683.63374540352,361.98224556096477,0.35937854572000727,112118709.18907046,0,False,0,0.9549401692652046,7,0.006353012183477753,0.002228959897727097,0.3399744000053033
64,65033.44326403352,21477.562874185496,86511.00613821902,360.6478705442014,0.35805376872099626,112118709.18907046,0,False,0,0.9556118915041254,7,0.006143336604043433,0.0019914671285184747,0.3451444999955129
65,64566.030717502654,21782.00556514001,86348.03628264266,359.34949761340323,0.35676473484877036,112118709.18907046,0,False,0,0.9562638091034213,9,0.005926811706290438,0.0018838048804562862,0.3502918000158388
66,64113.44275038285,22081.36144304667,86194.80419342952,358.0878181406981,0.35551213050249125,112118709.18907046,0,False,0,0.9568967872431737,5,0.005707782325224134,0.0017745868442400395,0.355315699998755
67,63674.64127228259,22375.54309204469,86050.18436432729,356.8603123696514,0.3542934540500645,112118709.18907046,0,False,0,0.9575116413458903,4,0.005504409761916779,0.001677825368425795,0.3605081000132486
68,63249.74944388994,22664.462110420955,85914.2115543109,355.66768040936734,0.3531094005647841,112118709.18907046,0,False,0,0.9581091406076137,3,0.0052938473557336795,0.0015801571027517813,0.36564180001732893
69,62838.259915752526,22948.0857662627,85786.34568201522,354.5088430935187,0.3519588986426515,112118709.18907046,0,False,0,0.9586900112322029,0,0.0050798685650846965,0.0014882971045464867,0.3706815000041388
70,62439.915729579465,23226.466872439505,85666.38260201897,353.3834057495611,0.35084155644996007,112118709.18907046,0,False,0,0.9592549393975224,4,0.004593639519235001,0.0013983936376182156,0.37579300001380034
71,62074.091320917556,23499.49510550093,85573.58642641848,352.34667962368417,0.34981228738498094,112118709.18907046,0,False,0,0.9598045739791348,6,0.004176076131589293,0.0010832274316005515,0.38083460001507774
72,61729.55124143251,23765.247980499425,85494.79922193194,351.36747499286986,0.34884012606906056,112118709.18907046,0,False,0,0.9603395290543362,6,0.004085221156893317,0.0009206953661371009,0.3859649999940302
73,61399.82760184322,24022.522474570553,85422.35007641377,350.4278173942338,0.3479072273277169,112118709.18907046,0,False,0,0.9608603862069443,6,0.004046652671065023,0.0008474099732090511,0.3913322000007611
74,61084.62090826139,24270.66969731852,85355.29060557991,349.52716892471005,0.34701305712696356,112118709.18907046,0,False,0,0.9613676966511135,2,0.004035313928663165,0.0007850342536101365,0.3969519000092987
75,60783.56507586501,24509.241285160962,85292.80636102597,348.66478192058634,0.34615687318095395,112118709.18907046,0,False,0,0.9618619831905493,7,0.004018771250920204,0.0007320488760641045,0.40245630001300015
76,60505.22503651466,24737.94814306951,85243.17317958418,347.86556321807615,0.34536340317367437,112118709.18907046,0,False,0,0.9623437420278342,8,0.003675134295091822,0.000581915211368554,0.4073983000125736
77,60249.06615814042,24955.764834342724,85204.83099248314,347.1284089732225,0.34463155120100014,112118709.18907046,0,False,0,0.9628134444370816,7,0.0038088663366346908,0.0004497977453309886,0.4122034000174608
78,60007.899704750314,25161.85230250081,85169.75200725113,346.4329652465259,0.3439411097271565,112118709.18907046,0,False,0,0.9632715383118254,4,0.003944341439082582,0.00041170183454868357,0.4170911000110209
79,59780.556814469186,25355.880443567698,85136.43725803688,345.77610332256677,0.34328897254124163,112118709.18907046,0,False,0,0.9637184495988772,3,0.0040378148952131465,0.0003911570531684642,0.4218925000168383
80,59566.45837662546,25537.829646290887,85104.28802291634,345.15636565656865,0.3426736925824438,112118709.18907046,0,False,0,0.9641545836278388,5,0.004064871165863187,0.0003776201607203505,0.42743300000438467
81,59365.15781338008,25707.87678077019,85073.03459415027,344.5726565279958,0.34209418201162856,112118709.18907046,0,False,0,0.9645803263450347,4,0.004012744545555171,0.0003672368278041601,0.4329380000126548
82,59176.29975843411,25866.372472532807,85042.67223096691,344.02412635870206,0.34154959736157525,112118709.18907046,0,False,0,0.964996045459788,2,0.00391978022347685,0.00035689761542195353,0.43846420000772923
83,58999.06002340384,26013.816561267216,85012.87658467106,343.50854435778984,0.3410377238872282,112118709.18907046,0,False,0,0.9654020915102275,5,0.003766307877226956,0.0003503611247648925,0.4490216000122018
84,58833.25286545314,26150.89008712888,84984.14295258201,343.02551760897654,0.3405581714985098,112118709.18907046,0,False,0,0.9657987988551446,5,0.0035590460515553582,0.0003379915283825056,0.4564977000118233
85,58678.52490540869,26278.32094250047,84956.84584790916,342.5741522806666,0.34011005279306045,112118709.18907046,0,False,0,0.9661864865978228,2,0.0033339948418061984,0.0003212023293343055,0.4615776000136975
86,58534.19401558791,26396.879396764805,84931.07341235272,342.1525800445991,0.33969151288130567,112118709.18907046,0,False,0,0.966565459447225,4,0.0030837548358816826,0.00030335913838633446,0.46704819999285974
87,58399.750209184414,26507.452930325497,84907.20313950992,341.7594189168293,0.3393011797197646,112118709.18907046,0,False,0,0.9669360085214439,4,0.002823077128488446,0.00028105464683002106,0.472143099992536
88,58274.57690128674,26610.957275084147,84885.53417637089,341.39296097396834,0.3389373576699598,112118709.18907046,0,False,0,0.9672984120978823,1,0.0025751646786376717,0.0002552075953253191,0.4782120000163559
89,58157.95486817947,26708.296273077005,84866.25114125648,341.051183455444,0.3385980385208211,112118709.18907046,0,False,0,0.9676529363142448,1,0.002356697800928579,0.0002271651501225429,0.4847773000074085
90,58049.07197567106,26800.35867982008,84849.43065549115,340.7317771375927,0.33828092965868534,112118709.18907046,0,False,0,0.9679998358240649,2,0.0021884148307834434,0.00019819993859909849,0.49002690002089366
91,57947.01881464569,26887.979466386107,84834.9982810318,340.4321336614559,0.33798344148624293,112118709.18907046,0,False,0,0.9683393544101703,1,0.0020836772582733683,0.0001700939458031365,0.4952341000025626
92,57850.84741108598,26971.883873141865,84822.73128422785,340.1495183330001,0.3377028589798241,112118709.18907046,0,False,0,0.9686717255592106,1,0.0020381917935021767,0.00014459830320640412,0.5010922999936156
93,57759.71471656314,27052.68746000893,84812.40217657207,339.88149321951363,0.3374367617425081,112118709.18907046,0,False,0,0.9689971730000947,4,0.0020371344691207972,0.00012177287266509452,0.5073218000179622
94,57672.854385632585,27130.91997944062,84803.7743650732,339.6258364307185,0.33718294386583775,112118709.18907046,0,False,0,0.9693159112089641,4,0.0020622884205493577,0.00010172818216968877,0.5134994999971241
95,57589.637859235154,27206.97821039072,84796.61606962587,339.3807238463468,0.3369395943502485,112118709.18907046,0,False,0,0.969628145883101,2,0.002090201549538896,8.441010439595644e-05,0.5185504000110086
96,57509.47675936238,27281.136142624753,84790.61290198713,339.1444434436819,0.3367050134874212,112118709.18907046,0,False,0,0.9699340743859814,1,0.002107654694765104,7.0794896270568e-05,0.5234537000069395
97,57431.98274932371,27353.5703017522,84785.55305107591,338.9158678767452,0.3364780820402572,112118709.18907046,0,False,0,0.9702338861655042,2,0.002099838896635747,5.967465899870085e-05,0.5291991000121925
98,57356.95796316595,27424.36537202459,84781.32333519054,338.69442854338763,0.3362582354965022,112118709.18907046,0,False,0,0.970527763147263,2,0.002058662523012769,4.988722409852269e-05,0.5341888999973889
99,57284.39007486183,27493.51720234832,84777.90727721015,338.4801030337288,0.33604545160746774,112118709.18907046,0,False,0,0.9708158801045849,2,0.001987897303945987,4.029257678463982e-05,0.5393769000074826
100,57214.356987000785,27560.92826024426,84775.28524724505,338.27313516447265,0.3358399724361101,112118709.18907046,0,False,0,0.9710984050069197,4,0.0018877122444336029,3.092822233190448e-05,0.5448181999963708
101,57147.06103066941,27626.449575375907,84773.51060604531,338.0741369305538,0.3356424055753493,112118709.18907046,0,False,0,0.9713754993480485,2,0.0017654265553765697,2.0933473648130195e-05,0.5500605000124779
102,57082.76295520882,27689.882544021977,84772.6454992308,337.883894126988,0.33545353116806115,112118709.18907046,0,False,0,0.9716473184554572,0,0.001633113618918453,1.0204919064070551e-05,0.5549752000079025
103,57083.16067633937,27688.929340738767,84772.09001707814,337.88507121901483,0.33545469979339004,112118709.18907046,0,True,1,0.0,0,0.001607353539932794,6.552610802564858e-06,0.5637679999927059
104,57083.62498340428,27687.926725325895,84771.55170873017,337.88644537301076,0.33545606406324224,112118709.18907046,0,False,1,0.28175352512532087,1,0.0015830341761863367,6.35006578061035e-06,0.5687015000148676
105,57084.30294986465,27686.58071626639,84770.88366613103,337.88845185908514,0.33545805611687546,112118709.18907046,0,False,1,0.434042782780302,0,0.0015538448885258024,7.88050455218274e-06,0.5735315000056289
106,57085.239937649545,27684.86221206754,84770.10214971709,337.891224916095,0.3354608092275808,112118709.18907046,0,False,1,0.5310638054044795,0,0.0015209744719942115,9.21916087396837e-06,0.5840265000006184
107,57086.48535418439,27682.736724777787,84769.22207896218,337.8949107464757,0.3354644685461751,112118709.18907046,0,False,1,0.5987785940560388,0,0.0014856556591023259,1.0381853183975357e-05,0.5957128000154626
108,57088.090419921544,27680.166652736152,84768.2570726577,337.899660905191,0.33546918453750335,112118709.18907046,0,False,1,0.6489233261224006,1,0.0014490559461053576,1.1383923089254183e-05,0.6060324000136461
109,57090.1063105979,27677.112965574433,84767.21927617233,337.905626797181,0.335475107517466,112118709.18907046,0,False,1,0.6876458540105597,1,0.001412280385676125,1.2242748892185131e-05,0.6176966000057291
110,57092.58254678209,27673.536572379362,84766.11911916145,337.9129549063844,0.33548238291635835,112118709.18907046,0,False,1,0.718499853459134,0,0.001376268863734574,1.2978566718037534e-05,0.6238323000143282
111,57095.5658058888,27669.39970646985,84764.96551235864,337.9217832750319,0.33549114778348793,112118709.18907046,0,False,1,0.7436910466053832,1,0.001340678011686316,1.3609291245072653e-05,0.6342761999985669
112,57099.099868357385,27664.666817880625,84763.76668623801,337.9322413394655,0.335501530624175,112118709.18907046,0,False,1,0.7646647176173088,0,0.001307885738072489,1.4142943530757881e-05,0.6400838000117801
113,57103.22217031369,27659.304738881332,84762.52690919502,337.94443972438336,0.33551364126740585,112118709.18907046,0,False,1,0.782409243228014,0,0.001277572102803786,1.4626261803410687e-05,0.6463223000173457
114,57107.9644663073,27653.285444351608,84761.24991065891,337.95847220126706,0.3355275728101739,112118709.18907046,0,False,1,0.7976243809601435,1,0.0012492470409327056,1.5065602485828746e-05,0.6521859000204131
115,57113.358904708344,27646.5861856734,84759.94509038175,337.9744336623951,0.33554341946220756,112118709.18907046,0,False,1,0.8108199838000861,1,0.0012191960480132645,1.5394066021158706e-05,0.6598761000204831
116,57119.42474988174,27639.186871047168,84758.61162092892,337.99238083093456,0.3355612375386702,112118709.18907046,0,False,1,0.8223766390185732,0,0.0011956347839944498,1.573230670936941e-05,0.665194800007157
117,57126.173836913025,27631.074406459993,84757.24824337302,338.0123484043535,0.33558106148745454,112118709.18907046,0,False,1,0.8325843815233085,0,0.001174263151793028,1.608541633499994e-05,0.6721067000180483
118,57133.612320291184,27622.24332270595,84755.85564299714,338.0343542313153,0.3356029090288406,112118709.18907046,0,False,1,0.8416682316299193,2,0.001152607467360261,1.6430457627455485e-05,0.6811006000207271
119,57141.74393942146,27612.695168668415,84754.43910808988,338.05840897519903,0.33562679074950674,112118709.18907046,0,False,1,0.8498055224352064,1,0.0011337140876777293,1.671312142990961e-05,0.6860433999972884
120,57150.56148906829,27602.43456609349,84752.99605516178,338.0844908867258,0.33565268505661444,112118709.18907046,0,False,1,0.8571379479988086,0,0.0011160620041295788,1.7026281375705104e-05,0.6909034000127576
121,57160.05244500411,27591.474815395508,84751.52726039963,338.11256245518035,0.33568055470925895,112118709.18907046,0,False,1,0.8637801230052086,0,0.0010989206617316837,1.7330298992627157e-05,0.6958841000159737
122,57170.19828419584,27579.83601728571,84750.03430148154,338.142568406274,0.33571034483073375,112118709.18907046,0,False,1,0.8698257810419169,0,0.0010819116086133451,1.761571698284269e-05,0.7009390000021085
123,57180.97494018774,27567.544354632035,84748.51929481978,338.1744370593015,0.3357419842559253,112118709.18907046,0,False,1,0.8753523399411488,0,0.0010647331065387258,1.787617756442444e-05,0.7062260000093374
124,57192.353472534305,27554.63142350892,84746.98489604323,338.20808231777755,0.3357753875076311,112118709.18907046,0,False,1,0.8804243161473297,1,0.0010471700664133512,1.8105316639385986e-05,0.711602600000333
125,57204.3203613807,27541.133428518875,84745.45378989958,338.2434636807656,0.3358105143762335,112118709.18907046,0,False,1,0.8850959137641199,2,0.0010187009688255662,1.8066791939908883e-05,0.7169070999952964
126,57216.83867674713,27527.07928857786,84743.91796532499,338.28047143383,0.3358472559364612,112118709.18907046,0,False,1,0.8894130125262103,1,0.0009997719381246595,1.812279604279351e-05,0.722185000020545
127,57229.87133721737,27512.504031688753,84742.37536890613,338.3189954383802,0.3358855028419389,112118709.18907046,0,False,1,0.8934147117832398,0,0.0009803907486152998,1.8203033986378106e-05,0.7275391000148375
128,57243.38188316083,27497.44776423045,84740.82964739128,338.3589274222296,0.3359251475992702,112118709.18907046,0,False,1,0.8971345422701921,0,0.0009605491092100845,1.8240242949528555e-05,0.7328414999938104
129,57257.33150985076,27481.95303029434,84739.2845401451,338.4001522158368,0.3359660758673161,112118709.18907046,0,False,1,0.9006014263404838,0,0.0009403024895716657,1.8233326869728292e-05,0.7381386000197381
130,57271.67983236818,27466.06393698561,84737.7437693538,338.44255002102847,0.3360081687095987,112118709.18907046,0,False,1,0.9038404456605403,1,0.0009197385997880655,1.8182485250757524e-05,0.7434909000003245
131,57286.386037730466,27449.82532538426,84736.21136311472,338.4859998219438,0.3360513059807114,112118709.18907046,0,False,1,0.906873460036305,2,0.0008980719779290794,1.8084104802729834e-05,0.748679100011941
132,57301.41117722926,27433.28138405233,84734.69256128158,338.5303861612108,0.33609537305375503,112118709.18907046,0,False,1,0.9097196100592845,1,0.0008771533114569598,1.7923881758540336e-05,0.7539182000036817
133,57316.715693382226,27416.472737637712,84733.18843101994,338.5755918355079,0.33614025356843885,112118709.18907046,0,False,1,0.9123957282937485,0,0.0008562719792394401,1.7751055868371646e-05,0.7596472000004724
134,57332.26116399802,27399.44064685539,84731.70181085341,338.6215030502287,0.33618583454866907,112118709.18907046,0,False,1,0.914916677883027,0,0.0008354715919687767,1.7544721189600826e-05,0.7647326000151224
135,57348.010391207914,27382.22489882911,84730.23529003703,338.6680096826623,0.3362320066638357,112118709.18907046,0,False,1,0.917295633120554,0,0.0008148279571701623,1.7307817322641243e-05,0.7697960000077728
136,57363.92782515971,27364.863335203092,84728.7911603628,338.71500653251167,0.33627866547033636,112118709.18907046,0,False,1,0.9195443132877347,0,0.0007943994383072159,1.7043852991631883e-05,0.7759560999984387
137,57379.9799228099,27347.391503161172,84727.37142597107,338.7623943793346,0.3363257124614108,112118709.18907046,0,False,1,0.9216731786097809,0,0.000774226763490747,1.675622149554805e-05,0.780984700017143
138,57396.135425621556,27329.84239703087,84725.97782265242,338.810080799322,0.3363730558780447,112118709.18907046,0,False,1,0.9236915953126076,0,0.0007543348371128436,1.6448088677753914e-05,0.7859617000212893
139,57412.365551913535,27312.246290747607,84724.61184266114,338.85798072913536,0.33642061126875106,112118709.18907046,0,False,1,0.9256079753284939,0,0.0007347360047623822,1.612232784311995e-05,0.7912641000002623
140,57428.644102903774,27294.630658455015,84723.27476135879,338.9060167742785,0.33646830179572407,112118709.18907046,0,False,1,0.9274298950868183,0,0.0007154341338774709,1.5781498118083016e-05,0.7966732000058983
141,57444.94748482607,27277.02017782966,84721.96766265573,338.9541192693373,0.3365160582946456,112118709.18907046,0,False,1,0.9291641969594342,0,0.0006964288717846481,1.5427858598869963e-05,0.8016260000003967
142,57461.2546526546,27259.436808430277,84720.69146108488,339.0022261067163,0.33656381910465344,112118709.18907046,0,False,1,0.9308170762496849,3,0.0006766609793742997,1.5063408063646726e-05,0.8066178000008222
143,57477.56350653594,27241.89986838577,84719.4633749217,339.0503310912288,0.3366115780751223,112118709.18907046,0,False,1,0.9323941560762216,5,0.0006498208281662293,1.449570514586194e-05,0.8118302999937441
144,57493.879393123905,27224.404357537787,84718.28375066169,339.0984499909249,0.33665935086068427,112118709.18907046,0,False,1,0.9339005520751649,1,0.0006275767859402261,1.3923887298364328e-05,0.8168503000051714
145,57510.20109818503,27206.94163678574,84717.14273497078,339.1465792196201,0.33670713390095,112118709.18907046,0,False,1,0.9353409285021578,0,0.0006084258843105199,1.3468352289449359e-05,0.8221087999991141
146,57526.52825319148,27189.509629391487,84716.03788258297,339.1947176864389,0.3367549261128904,112118709.18907046,0,False,1,0.936719547040866,0,0.0005898090380388027,1.3041662550742444e-05,0.8275633000012022
147,57542.85954459179,27172.1098268646,84714.96937145639,339.24286151543936,0.33680272364844294,112118709.18907046,0,False,1,0.9380403094021824,2,0.0005717328952585135,1.2612855290263562e-05,0.8326483000128064
148,57559.194469361064,27154.746046560005,84713.94051592107,339.2910092217625,0.336850525033429,112118709.18907046,0,False,1,0.9393067946178,2,0.0005498704658596737,1.2144908307843916e-05,0.8381218000140507
149,57575.53385401469,27137.421357837567,84712.95521185226,339.33916323941946,0.33689833268435204,112118709.18907046,0,False,1,0.9405222917844157,0,0.000532483892959661,1.1630955458062576e-05,0.8437140000169165
150,57591.86999669427,27120.136709490867,84712.00670618514,339.3873008723051,0.3369461240683577,112118709.18907046,0,False,1,0.9416898288939467,1,0.000515338448167781,1.1196701434142807e-05,0.8488817000179552
151,57608.196256529,27102.89947896148,84711.09573549048,339.4354025629295,0.33699387976863104,112118709.18907046,0,False,1,0.9428121982856035,2,0.0004985844495471475,1.0753737635109545e-05,0.8539098000037484
152,57624.50259233562,27085.71865533514,84710.22124767076,339.48343874874257,0.33704157043526217,112118709.18907046,0,False,1,0.9438919791733417,1,0.0004829306936249724,1.0323179178890496e-05,0.8596838999947067
153,57640.784914717624,27068.60562598576,84709.39054070339,339.5313974133103,0.33708918413825,112118709.18907046,0,False,1,0.9449315576338684,1,0.00046326075401175023,9.80645493708272e-06,0.8652751000190619
154,57657.02822708171,27051.56748656394,84708.59571364566,339.5792344272003,0.3371366770655806,112118709.18907046,0,False,1,0.9459331443834135,1,0.0004484442270898037,9.38298638036711e-06,0.8710401999996975
155,57673.217965020565,27034.617255624027,84707.8352206446,339.6269069582696,0.3371840066931979,112118709.18907046,0,False,1,0.9468987906238281,1,0.00043368397717814035,8.977754791584803e-06,0.8772850999957882
156,57689.33783490414,27017.77052380877,84707.10835871291,339.67436710739344,0.3372311254665105,112118709.18907046,0,False,1,0.9478304021985741,0,0.00041981650477922785,8.580811087851441e-06,0.8827487000089604
157,57705.36896131074,27001.04461965674,84706.41358096748,339.72155940213963,0.3372779783120936,112118709.18907046,0,False,1,0.9487297522654735,0,0.0004063824916691276,8.202118557644286e-06,0.8877982000121847
158,57721.29083198029,26984.45907066581,84705.7499026461,339.7684235828288,0.3373245054037092,112118709.18907046,0,False,1,0.9495984926646243,1,0.00039337355115899033,7.835042157012426e-06,0.8936421000107657
159,57737.082857914436,26968.03474893899,84705.11760685343,339.81489919635493,0.33737064672308403,112118709.18907046,0,False,1,0.9504381641357491,2,0.0003800887622498131,7.464614780008493e-06,0.8994441000104416
160,57752.72460223327,26951.791678069272,84704.51628030255,339.8609262690646,0.3374163427279489,112118709.18907046,0,False,1,0.9512502055187321,1,0.00036685492109351993,7.099058095543685e-06,0.9041251000016928
161,57768.19420005195,26935.7496842891,84703.94388434105,339.90644065699007,0.3374615297357168,112118709.18907046,0,False,1,0.9520359620535963,0,0.0003551316678478397,6.757561304106619e-06,0.9092587000050116
162,57783.46919874815,26919.929589804924,84703.39878855308,339.95137651949034,0.3375061423793314,112118709.18907046,0,False,1,0.9527966928812224,0,0.00034393574715858643,6.435305877964706e-06,0.9149914000008721
163,57798.52714658003,26904.352785202824,84702.87993178285,339.9956680505798,0.33755011532614254,112118709.18907046,0,False,1,0.9535335778332711,0,0.0003332652475106402,6.125572027201007e-06,0.9200262000085786
164,57813.34581635374,26889.04042433434,84702.38624068808,340.03925013549167,0.33759338392974714,112118709.18907046,0,False,1,0.9542477235887569,0,0.0003231187114174783,5.828504239410293e-06,0.9249317000212613
165,57827.90367914228,26874.01295548909,84701.91663463137,340.08205974188724,0.33763588561119134,112118709.18907046,0,False,1,0.9549401692652046,1,0.0003134950216809744,5.544189220043243e-06,0.9300943000125699
166,57842.181478390805,26859.289663382282,84701.47114177309,340.12404054518345,0.3376775644510288,112118709.18907046,0,False,1,0.9556118915041254,2,0.00030213152824166143,5.259536926503132e-06,0.9347381000116002
167,57856.16356692065,26844.88723017287,84701.05079709351,340.1651468534678,0.33771837508600416,112118709.18907046,0,False,1,0.9562638091034213,2,0.00029057452912434535,4.962660906670253e-06,0.9394497000030242
168,57869.838992143166,26830.817741804265,84700.65673394743,340.2053467896799,0.3377582858683453,112118709.18907046,0,False,1,0.9568967872431737,1,0.0002825258565057889,4.652399732683503e-06,0.94628279999597
169,57883.19408616341,26817.088773669504,84700.2828598329,340.2446005042943,0.3377972572351602,112118709.18907046,0,False,1,0.9575116413458903,1,0.00027506671768755275,4.414063939257336e-06,0.9517777000146452
170,57896.219058366536,26803.70928578745,84699.92834415399,340.2828795527819,0.33783526094651817,112118709.18907046,0,False,1,0.9581091406076137,1,0.0002677738686414083,4.185531227863328e-06,0.9572996000060812
171,57908.90585171651,26790.68630633127,84699.59215804777,340.320160589162,0.3378722738243638,112118709.18907046,0,False,1,0.9586900112322029,0,0.0002611624123561073,3.969142746483628e-06,0.9631874000187963
172,57921.247668834265,26778.025186674244,84699.2728555085,340.35642397003255,0.33790827636658777,112118709.18907046,0,False,1,0.9592549393975224,1,0.0002547701560380263,3.769823810633939e-06,0.9683289999957196
173,57933.24039722403,26765.730486202046,84698.97088342608,340.3916579389807,0.33794325690134,112118709.18907046,0,False,1,0.9598045739791348,1,0.0002480477694547708,3.5652263855713086e-06,0.9738638999988325
174,57944.880631582724,26753.803433383317,84698.68406496604,340.4258528125698,0.3379772058148357,112118709.18907046,0,False,1,0.9603395290543362,1,0.00024211361452243851,3.386327567453253e-06,0.9798325000156183
175,57956.16642519102,26742.245009908598,84698.41143509961,340.45900318596665,0.3380101177411181,112118709.18907046,0,False,1,0.9608603862069443,1,0.000236112784307067,3.218820568990338e-06,0.9852455999935046
176,57967.09732382339,26731.055068896534,84698.15239271993,340.4911080302198,0.3380419916586368,112118709.18907046,0,False,1,0.9613676966511135,1,0.00023035258330883626,3.058408951124783e-06,0.9904890000179876
177,57977.6747030326,26720.23164753966,84697.90635057226,340.52217168058996,0.33807283187146964,112118709.18907046,0,False,1,0.9618619831905493,1,0.00022433653215828226,2.904929336957243e-06,0.9959023999981582
178,57987.90119944703,26709.77155769864,84697.67275714567,340.5522021642116,0.33810264634901255,112118709.18907046,0,False,1,0.9623437420278342,0,0.0002187803906139742,2.757959867623294e-06,1.001742499996908
179,57997.78039267474,26699.670295607044,84697.45068828178,340.58121026467313,0.3381314457972888,112118709.18907046,0,False,1,0.9628134444370816,1,0.0002132882657345207,2.621900421378796e-06,1.0072242000023834
180,58007.31723979086,26689.922900575286,84697.24014036614,340.60921079674534,0.33815924492450816,112118709.18907046,0,False,1,0.9632715383118254,2,0.0002069895467026063,2.485882561214125e-06,1.0127225000178441
181,58016.52328794865,26680.52131682395,84697.0446047726,340.63623790767963,0.33818607763230446,112118709.18907046,0,False,1,0.9637184495988772,1,0.00019864784914874243,2.3086418543404e-06,1.0174278000195045
182,58025.41243556429,26671.448358055437,84696.86079361974,340.6623326273813,0.3382119846554592,112118709.18907046,0,False,1,0.9641545836278388,0,0.00019336539971391185,2.1702192056515065e-06,1.0225105000135954
183,58033.99658908902,26662.69025716748,84696.6868462565,340.68753011840346,0.33823700090360503,112118709.18907046,0,False,1,0.9645803263450347,0,0.00018840869534864982,2.053763995541305e-06,1.0282836999977008
184,58042.286829548095,26654.235454316426,84696.52228386453,340.71186310296883,0.3382611588635972,112118709.18907046,0,False,1,0.964996045459788,1,0.00018375936910567525,1.942961384953532e-06,1.033861000003526
185,58050.29317468579,26646.073587638297,84696.36676232409,340.7353611666561,0.3382844879082084,112118709.18907046,0,False,1,0.9654020915102275,2,0.00017923583638925083,1.8362210896411504e-06,1.0390844000212383
186,58058.026032538066,26638.195065948643,84696.22109848671,340.75805502596137,0.33830701853299433,112118709.18907046,0,False,1,0.9657987988551446,1,0.00017380390591529592,1.7198357255057053e-06,1.044491000007838
187,58065.494277481484,26630.590188638325,84696.0844661198,340.7799708829188,0.3383287767515207,112118709.18907046,0,False,1,0.9661864865978228,0,0.00016983733694483536,1.613204994676093e-06,1.049689400009811
188,58072.70442659128,26623.25096172299,84695.95538831427,340.80112801043157,0.3383497816980626,112118709.18907046,0,False,1,0.966565459447225,0,0.00016596702825998782,1.524011485944282e-06,1.054710199998226
189,58079.661082589955,26616.172390719836,84695.83347330979,340.8215400545862,0.33837004692055195,112118709.18907046,0,False,1,0.9669360085214439,0,0.00016203617905110487,1.4394430515496608e-06,1.0604387000203133
190,58086.36680033295,26609.351585355602,84695.71838568855,340.8412146449808,0.3383895799937078,112118709.18907046,0,False,1,0.9672984120978823,0,0.00015792664448483894,1.3588345083160685e-06,1.0654140000115149
191,58092.82230380261,26602.78754790508,84695.60985170769,340.8601540333003,0.3384083831530189,112118709.18907046,0,False,1,0.9676529363142448,0,0.00015358343272479764,1.2814577044974303e-06,1.0700927000143565
192,58099.02678943408,26596.480864734447,84695.50765416853,340.8783559847532,0.3384264541797685,112118709.18907046,0,False,1,0.9679998358240649,1,0.00014901936386208515,1.206645059196191e-06,1.0747355000057723
193,58104.97922582257,26590.4333166232,84695.41254244577,340.8958175918929,0.3384437901874229,112118709.18907046,0,False,1,0.9683393544101703,1,0.00014401596737345507,1.1229842690204866e-06,1.0793249999987893
194,58110.67827902888,26584.645271119938,84695.32355014881,340.91253505563236,0.33846038740422146,112118709.18907046,0,False,1,0.9686717255592106,0,0.0001395611721996843,1.0507333785149737e-06,1.0843712000059895
195,58116.12163204938,26579.118696414585,84695.24032846396,340.928501689282,0.33847623919157127,112118709.18907046,0,False,1,0.9689971730000947,1,0.00013502306655672396,9.82600707594091e-07,1.088881700008642
196,58121.30703508669,26573.856233393806,84695.1632684805,340.9437109995921,0.33849133910292795,112118709.18907046,0,False,1,0.9693159112089641,1,0.00013024325134514955,9.098502249495088e-07,1.0934789000020828
197,58126.232551573696,26568.85927523139,84695.09182680509,340.9581574081304,0.3385056815999842,112118709.18907046,0,False,1,0.969628145883101,1,0.00012599040457668067,8.43515410424322e-07,1.0986858000105713
198,58130.8965160066,26564.129429775938,84695.02594578255,340.9718361272866,0.33851926192956655,112118709.18907046,0,False,1,0.9699340743859814,1,0.00012124718335337465,7.778611619892015e-07,1.104074800008675
199,58135.298835430964,26559.66677550392,84694.96561093489,340.98474697684344,0.33853207991275397,112118709.18907046,0,False,1,0.9702338861655042,0,0.00011729306542363564,7.123776985033878e-07,1.109335999994073
200,58139.44091437828,26555.469277857967,84694.91019223625,340.9968941629184,0.3385441397254098,112118709.18907046,0,False,1,0.970527763147263,0,0.0001134768092292204,6.543328548662973e-07,1.1144384999934118
201,58143.32420322656,26551.535313059165,84694.85951628572,341.00828202032443,0.3385554456711672,112118709.18907046,0,False,1,0.9708158801045849,1,0.00010984818235449469,5.983352530558969e-07,1.1191161000169814
202,58146.95244669819,26547.862280380283,84694.81472707847,341.0189216061132,0.33856600872754555,112118709.18907046,0,False,1,0.9710984050069197,1,0.00010579349703161478,5.288302916025566e-07,1.1237699000048451
203,58150.33501900691,26544.43957507639,84694.7745940833,341.0288404783587,0.3385758562543966,112118709.18907046,0,False,1,0.9713754993480485,1,0.00010253765662085784,4.73854217644041e-07,1.129029100004118
204,58153.48610832832,26541.256917300077,84694.7430256284,341.03808030285506,0.3385850296178169,112118709.18907046,0,False,1,0.9716473184554572,2,9.719817295027782e-05,3.727320256764264e-07,1.133570400008466
205,58156.430249736826,26538.28522166841,84694.71547140524,341.04671307531123,0.33859360029565777,112118709.18907046,0,False,1,0.9719140117821313,1,9.449177570364052e-05,3.2533569581194373e-07,1.1380502000101842
206,58159.185620589706,26535.5057675665,84694.6913881562,341.0547921392975,0.33860162124779497,112118709.18907046,0,False,1,0.9721757231819224,0,9.248587759685783e-05,2.8435362116797434e-07,1.142724300007103
207,58161.768303805475,26532.902176342468,84694.67048014794,341.06236468952557,0.3386091393294736,112118709.18907046,0,False,1,0.972432591169558,0,9.097466612068094e-05,2.4686326768157313e-07,1.1474797000118997
208,58164.192362821785,26530.460137343023,84694.65250016481,341.06947199308763,0.3386161955109562,112118709.18907046,0,False,1,0.9726847491662854,1,8.981835231642717e-05,2.1229178910572761e-07,1.1520301999989897
209,58166.469979712325,26528.16743180686,84694.63741151919,341.07614979564994,0.33862282528079396,112118709.18907046,0,False,1,0.9729323257320669,1,8.876629202438857e-05,1.7815346281630725e-07,1.1566275999939535
210,58168.61213941529,26526.012700006508,84694.6248394218,341.0824303285506,0.33862906063848863,112118709.18907046,0,False,1,0.9731754447851788,0,8.79611167954563e-05,1.4844030003036618e-07,1.1622913000173867
211,58170.62733598669,26523.987122750135,84694.61445873682,341.0883385165394,0.3386349263295088,112118709.18907046,0,False,1,0.9734142258100047,0,8.707562494114419e-05,1.22566042412641e-07,1.1675575000117533
212,58172.52140602778,26522.084672280587,84694.60607830837,341.0938914903865,0.3386404393614049,112118709.18907046,0,False,1,0.9736487840537572,0,8.60030867719242e-05,9.894877619909557e-08,1.1722868999931961
213,58174.29792476798,26520.30161464175,84694.59953940974,341.099099748938,0.3386456101575059,112118709.18907046,0,False,1,0.9738792307128099,0,8.47033697980653e-05,7.720560881800323e-08,1.1773947000037879
214,58175.95843280536,26518.636280604354,84694.59471340972,341.10396782449004,0.3386504432175076,112118709.18907046,0,False,1,0.9741056731092769,0,8.320092554702702e-05,5.698120121892014e-08,1.1820375999959651
215,58177.502726255356,26517.08876899307,84694.59149524843,341.10849513389536,0.33865493796245727,112118709.18907046,0,False,1,0.9743282148584276,0,8.157212615509772e-05,3.799724530629673e-08,1.1866459000157192
216,58178.929192596304,26515.66060191918,84694.58979451549,341.1126769634817,0.3386590897125876,112118709.18907046,0,False,1,0.9745469560274896,0,7.992601349707143e-05,2.0080773922804898e-08,1.1913476000190713
217,58180.23517407364,26514.354351982252,84694.58952605589,341.1165055346154,0.3386628907452158,112118709.18907046,0,False,1,0.9747619932863513,0,7.838240286465182e-05,3.1697372548362374e-09,1.1960429000027943
218,58180.148925885034,26514.439312989183,84694.58823887422,341.11625269366755,0.33866263972292604,112118709.18907046,0,True,2,0.0,0,7.806144264855561e-05,1.5197920902937184e-08,1.2035363000177313
219,58180.06162657111,26514.525335567174,84694.58696213827,341.1159967711016,0.33866238564118395,112118709.18907046,0,False,2,0.28175352512532087,0,7.775071092725736e-05,1.507458706067496e-08,1.209020900016185
220,58179.94844300135,26514.636896483407,84694.58533948475,341.1156649671819,0.33866205622389456,112118709.18907046,0,False,2,0.434042782780302,0,7.736543988605643e-05,1.9158881114450815e-08,1.2137287000077777
221,58179.80924832819,26514.774140478632,84694.58338880682,341.1152569098257,0.3386616511016516,112118709.18907046,0,False,2,0.5310638054044795,0,7.691544712303164e-05,2.3031908445673368e-08,1.2184764000121504
222,58179.64362509764,26514.937500214888,84694.58112531253,341.1147713749659,0.3386611690591925,112118709.18907046,0,False,2,0.5987785940560388,0,7.640988332555442e-05,2.6725372467379892e-08,1.223248299997067
223,58179.45100723994,26515.1275558222,84694.57856306214,341.114206702799,0.3386606084486525,112118709.18907046,0,False,2,0.6489233261224006,0,7.585731538208648e-05,3.0252825564223165e-08,1.2287118000094779
224,58179.23075389397,26515.344961610597,84694.57571550457,341.11356101419943,0.33865996740442245,112118709.18907046,0,False,2,0.6876458540105597,0,7.526559596300702e-05,3.362148576219175e-08,1.233424300007755
225,58178.98219786799,26515.590397807267,84694.57259567526,341.1128323527803,0.33865924398418745,112118709.18907046,0,False,2,0.718499853459134,0,7.4641697081351e-05,3.683623523905207e-08,1.2381193000182975
226,58178.70468197873,26515.86453428889,84694.56921626761,341.1120187914191,0.3386584362746867,112118709.18907046,0,False,2,0.7436910466053832,0,7.399156750598867e-05,3.990111220610644e-08,1.2427478000172414
227,58178.397588257256,26516.168001404538,84694.5655896618,341.11111851787314,0.33865754247671276,112118709.18907046,0,False,2,0.7646647176173088,0,7.33200379312329e-05,4.281981536138527e-08,1.2473128999990877
228,58178.06036212524,26516.501365821132,84694.56172794636,341.11012990565155,0.33865656097547386,112118709.18907046,0,False,2,0.782409243228014,0,7.263078269474059e-05,4.5595787736371674e-08,1.2519069999980275
229,58177.69253249548,26516.865110453622,84694.5576429491,341.1090515729405,0.3386554903990954,112118709.18907046,0,False,2,0.7976243809601435,0,7.192633888183381e-05,4.823210810833777e-08,1.2564796000078786
230,58177.29372825797,26517.259618023367,84694.55334628135,341.10788243093407,0.3386543296666033,112118709.18907046,0,False,2,0.8108199838000861,0,7.12081786677945e-05,5.073133241403481e-08,1.2613580000179354
231,58176.863691400904,26517.685157994918,84694.54884939583,341.10662172230224,0.3386530780261147,112118709.18907046,0,False,2,0.8223766390185732,0,7.047682741499056e-05,5.309533310149388e-08,1.2661101999983657
232,58176.40228693132,26518.141876722468,84694.54416365379,341.10526905027814,0.3386517350837168,112118709.18907046,0,False,2,0.8325843815233085,0,6.9732017690767e-05,5.532519037028869e-08,1.2707764999940991
233,58175.909509737394,26518.629790659113,84694.53930039651,341.1038243987815,0.33865030082344494,112118709.18907046,0,False,2,0.8416682316299193,0,6.897286789553366e-05,5.742113993932186e-08,1.275502400007099
234,58175.38548853922,26519.14878247581,84694.53427101503,341.10228814400887,0.3386487756187897,112118709.18907046,0,False,2,0.8498055224352064,0,6.819807341608945e-05,5.938259452380489e-08,1.2801419000024907
235,58174.830487093786,26519.6985999188,84694.52908701259,341.10066105797506,0.3386471602362129,112118709.18907046,0,False,2,0.8571379479988086,0,6.74060982807984e-05,6.120822888429877e-08,1.284844300011173
236,58174.24490284247,26520.27885721248,84694.52376005494,341.09894430455944,0.33864545583122224,112118709.18907046,0,False,2,0.8637801230052086,0,6.659535604517115e-05,6.289612449607526e-08,1.2895378000102937
237,58173.62926321145,26520.88903879293,84694.51830200438,341.097139428672,0.3386436639376153,112118709.18907046,0,False,2,0.8698257810419169,0,6.576437017367228e-05,6.444396078078613e-08,1.2942965000111144
238,58172.98421979674,26521.528505138762,84694.5127249355,341.095248339219,0.33864178645056786,112118709.18907046,0,False,2,0.8753523399411488,0,6.491190625367421e-05,6.58492307361488e-08,1.2994822000036947
239,58172.310540681334,26522.19650045007,84694.50704113141,341.0932732865934,0.338639825604286,112118709.18907046,0,False,2,0.8804243161473297,0,6.403707093711954e-05,6.710947271648094e-08,1.3042960000166204
240,58171.60910114617,26522.89216191501,84694.50126306117,341.0912168354564,0.3386377839449836,112118709.18907046,0,False,2,0.8850959137641199,0,6.313937524286072e-05,6.82224908734608e-08,1.3089978999923915
241,58170.880873045106,26523.6145302952,84694.4954033403,341.08908183360285,0.3386356642999716,112118709.18907046,0,False,2,0.8894130125262103,0,6.221876255192562e-05,6.918655618173902e-08,1.31407809999655
242,58170.126913120155,26524.362561556733,84694.48947467688,341.0868713777185,0.33863346974366165,112118709.18907046,0,False,2,0.8934147117832398,0,6.127560410549401e-05,7.000057550678905e-08,1.3190540999930818
243,58169.34835053463,26525.135139272767,84694.4834898074,341.0845887768447,0.33863120356129345,112118709.18907046,0,False,2,0.8971345422701921,0,6.031066680848238e-05,7.066421342330754e-08,1.3237209999933839
244,58168.54637390052,26525.931087525292,84694.47746142582,341.08223751435816,0.3386288692111882,112118709.18907046,0,False,2,0.9006014263404838,0,5.9325059571784604e-05,7.117797211045051e-08,1.3285714999947231
245,58167.722218070754,26526.749184039414,84694.47140211017,341.07982120926107,0.338626470286317,112118709.18907046,0,False,2,0.9038404456605403,0,5.832016521021821e-05,7.154322021759914e-08,1.3332132000068668
246,58166.8771509584,26527.588173291868,84694.46532425027,341.0773435775481,0.33862401047594576,112118709.18907046,0,False,2,0.906873460036305,0,5.729756505563809e-05,7.176217997871615e-08,1.3379270000150427
247,58166.012460632395,26528.4467793471,84694.4592399795,341.07480839438256,0.3386214935280834,112118709.18907046,0,False,2,0.9097196100592845,0,5.625896299574835e-05,7.183787927610965e-08,1.3431893000088166
248,58165.12944292385,26529.323718189746,84694.45316111359,341.07221945776774,0.3386189232134147,112118709.18907046,0,False,2,0.9123957282937485,0,5.520611472356038e-05,7.177406830994365e-08,1.3482832000008784
249,58164.22938975696,26530.21770934048,84694.44709909744,341.06958055434075,0.33861630329133974,112118709.18907046,0,False,2,0.914916677883027,0,5.414076674170729e-05,7.157512595869629e-08,1.3528300000180025
250,58163.31357839674,26531.12748656446,84694.4410649612,341.0668954278522,0.3386136374786808,112118709.18907046,0,False,2,0.917295633120554,0,5.30646081775203e-05,7.124594878607208e-08,1.357436599995708
251,58162.38326177899,26532.05180750668,84694.43506928567,341.0641677508178,0.33861092942153753,112118709.18907046,0,False,2,0.9195443132877347,0,5.197923701174189e-05,7.079184245326905e-08,1.3622099000203889
252,58161.43966005978,26532.989462116453,84694.42912217624,341.0614010997427,0.3386081826706897,112118709.18907046,0,False,2,0.9216731786097809,0,5.088614086610797e-05,7.021842017564989e-08,1.36686490001739
253,58160.48395349013,26533.939279754526,84694.42323324466,341.0585989342305,0.33860540066085637,112118709.18907046,0,False,2,0.9236915953126076,0,4.978669129733638e-05,6.953151045743677e-08,1.3714471000130288
254,58159.5172766887,26534.900134908494,84694.41741159718,341.05576458018913,0.3386025866940226,112118709.18907046,0,False,2,0.9256079753284939,0,4.868214957785952e-05,6.873708149255277e-08,1.3767106000159401
255,58158.54071435109,26535.870951476645,84694.41166582773,341.05290121724835,0.33859974392694725,112118709.18907046,0,False,2,0.9274298950868183,1,4.757368129141402e-05,6.784118274707069e-08,1.3815161999955308
256,58157.555312666744,26536.85070557857,84694.40601824531,341.05001191223187,0.33859687540439487,112118709.18907046,0,False,2,0.9291641969594342,1,4.632850465061848e-05,6.668187797647023e-08,1.3865932000044268
257,58156.56211735951,26537.838363325987,84694.4004806855,341.04709973069555,0.33859398416987097,112118709.18907046,0,False,2,0.9308170762496849,0,4.522227008963794e-05,6.538282841888375e-08,1.3920906000130344
258,58155.56213750603,26538.832903019673,84694.3950405257,341.04416763083935,0.3385910731602976,112118709.18907046,0,False,2,0.9323941560762216,0,4.4115539180274464e-05,6.423281536024364e-08,1.397474900004454
259,58154.55627912177,26539.833425097353,84694.38970421912,341.0412182687652,0.33858814501267154,112118709.18907046,0,False,2,0.9339005520751649,0,4.300911030937703e-05,6.300660839700135e-08,1.4024044999969192
260,58153.545376618786,26540.83910109779,84694.38447771658,341.0382540907069,0.33858520215563115,112118709.18907046,0,False,2,0.9353409285021578,0,4.19037943643297e-05,6.171013880021206e-08,1.407034100004239
261,58152.53019798606,26541.84916848655,84694.37936647261,341.03527734821233,0.33858224682452914,112118709.18907046,0,False,2,0.936719547040866,1,4.0800476408324204e-05,6.034926636792413e-08,1.4122458000201732
262,58151.51160470781,26542.862922498138,84694.37452720595,341.03229056706,0.33857928152697636,112118709.18907046,0,False,2,0.9380403094021824,1,3.9053862259819345e-05,5.713799075132378e-08,1.4174646000028588
263,58150.491014002786,26543.87882117127,84694.36983517406,341.0292979026957,0.3385763103885289,112118709.18907046,0,False,2,0.9393067946178,0,3.802810820699528e-05,5.539956947187885e-08,1.4222544000076596
264,58149.46952579803,26544.89573300628,84694.3652588043,341.02630258030837,0.3385733366111774,112118709.18907046,0,False,2,0.9405222917844157,0,3.7006483271080364e-05,5.403393124190942e-08,1.427233399997931
265,58148.44802838699,26545.912772941072,84694.36080132806,341.0233072046161,0.3385703627809043,112118709.18907046,0,False,2,0.9416898288939467,0,3.5988380217524405e-05,5.263013932083215e-08,1.4319647999946028
266,58147.42728034641,26546.929185305857,84694.35646565226,341.0203140000502,0.33856739110614087,112118709.18907046,0,False,2,0.9428121982856035,0,3.497374091245814e-05,5.119202453394324e-08,1.436850800004322
267,58146.40792411006,26547.944330255068,84694.35225436513,341.017324850542,0.33856442345726756,112118709.18907046,0,False,2,0.9438919791733417,0,3.396311335807695e-05,4.9723350012224115e-08,1.4418671000166796
268,58145.390502597074,26548.95766712809,84694.34816972516,341.0143413482696,0.3385614614150101,112118709.18907046,0,False,2,0.9449315576338684,0,3.295753893725128e-05,4.82280089534233e-08,1.4469631999963894
269,58144.37547762588,26549.968736016883,84694.34421364276,341.0113648476422,0.3385585063240355,112118709.18907046,0,False,2,0.9459331443834135,0,3.195834317896028e-05,4.671011087407381e-08,1.451570500008529
270,58143.36324892099,26550.97713874181,84694.3403876628,341.008396521027,0.33855555934827836,112118709.18907046,0,False,2,0.9468987906238281,0,3.096691200927808e-05,4.517397233136353e-08,1.4564180000161286
271,58142.35417265822,26551.98252029595,84694.33669295417,341.0054374131246,0.33855262152492477,112118709.18907046,0,False,2,0.9478304021985741,0,2.9984519237628462e-05,4.362403221739297e-08,1.4614903000183403
272,58141.34857867754,26552.98455163103,84694.33313030857,341.0024884914406,0.3385496938145212,112118709.18907046,0,False,2,0.9487297522654735,0,2.9012240035398594e-05,4.2064744029938026e-08,1.466119799995795
273,58140.346785704096,26553.982914443797,84694.3297001479,340.99955069091834,0.338546777145286,112118709.18907046,0,False,2,0.9495984926646243,0,2.805095133685564e-05,4.0500474500399184e-08,1.4708172999962699
274,58139.3491141389,26554.977288398473,84694.32640253738,340.996624951447,0.33854387245034795,112118709.18907046,0,False,2,0.9504381641357491,0,2.710139371269839e-05,3.893543435147589e-08,1.4759969000006095
275,58138.3558961953,26555.96734100616,84694.32323720146,340.99371224758767,0.338540980697258,112118709.18907046,0,False,2,0.9512502055187321,0,2.6164256413303736e-05,3.737364771362298e-08,1.4808718000131194
276,58137.367483351714,26556.952720188307,84694.32020354002,340.9908136104306,0.33853810290969016,112118709.18907046,0,False,2,0.9520359620535963,0,2.5240248919291926e-05,3.581894662676987e-08,1.4855415000056382
277,58136.384251253796,26557.93304938974,84694.31730064354,340.9879301419738,0.3385352401817156,112118709.18907046,0,False,2,0.9527966928812224,0,2.4330134983832393e-05,3.427498409826959e-08,1.4902243000105955
278,58135.40660232428,26558.907924983083,84694.31452730736,340.985063022779,0.33853239368540466,112118709.18907046,0,False,2,0.9535335778332711,0,2.343472281170834e-05,3.274524509905521e-08,1.4950198000005912
279,58134.43496642207,26559.876915623823,84694.31188204589,340.9822135139077,0.338529564672748,112118709.18907046,0,False,2,0.9542477235887569,0,2.2554821404847346e-05,3.123304656352368e-08,1.4998369000095408
280,58133.46979993541,26560.83956317265,84694.30936310806,340.9793829542643,0.3385267544730194,112118709.18907046,0,False,2,0.9549401692652046,0,2.169118343046994e-05,2.9741523128622942e-08,1.5045322999940254
281,58132.51158369935,26561.795384795103,84694.30696849445,340.97657275449103,0.3385239644867146,112118709.18907046,0,False,2,0.9556118915041254,0,2.0844457220271883e-05,2.827360685935116e-08,1.5093273000093177
282,58131.5608201039,26562.743875873086,84694.30469597699,340.97378438848904,0.33852119617713305,112118709.18907046,0,False,2,0.9562638091034213,0,2.0015165267844803e-05,2.683199786796305e-08,1.5142306000052486
283,58130.61802971055,26563.684513409244,84694.30254311979,340.97101938349704,0.33851845106052825,112118709.18907046,0,False,2,0.9568967872431737,0,1.920371662810471e-05,2.541914953761807e-08,1.5189152999955695
284,58129.68374763378,26564.61675966751,84694.30050730129,340.96827930948,0.3385157306955726,112118709.18907046,0,False,2,0.9575116413458903,0,1.841044959604887e-05,2.403725443330333e-08,1.523928500013426
285,58128.75851987393,26565.540065861158,84694.29858573509,340.96556576837474,0.33851303667268023,112118709.18907046,0,False,2,0.9581091406076137,0,1.763569239935051e-05,2.268825873437524e-08,1.5292466999962926
286,58127.842899722,26566.453875767864,84694.29677548987,340.96288038354555,0.3385103706035389,112118709.18907046,0,False,2,0.9586900112322029,0,1.687982554355134e-05,2.1373873402591566e-08,1.5338603999989573
287,58126.93744429445,26567.357629212354,84694.2950735068,340.960224789621,0.33850773411101936,112118709.18907046,0,False,2,0.9592549393975224,0,1.6143330506545056e-05,2.00956042500182e-08,1.538343399995938
288,58126.04271120834,26568.250765406585,84694.29347661493,340.9576006227412,0.3385051288194932,112118709.18907046,0,False,2,0.9598045739791348,0,1.5426814566595183e-05,1.885477496245385e-08,1.5433224000153132
289,58125.159255371436,26569.13272617302,84694.29198154446,340.9550095111419,0.3385025563454843,112118709.18907046,0,False,2,0.9603395290543362,0,1.4731008767169326e-05,1.765255252830253e-08,1.548296399996616
290,58124.28762584298,26570.00295909604,84694.29058493902,340.9524530659458,0.338500018288527,112118709.18907046,0,False,2,0.9608603862069443,0,1.4056742961912679e-05,1.6489959437550232e-08,1.5528202000132296
291,58123.428362715764,26570.860920651656,84694.28928336743,340.949932872015,0.3384975162220834,112118709.18907046,0,False,2,0.9613676966511135,0,1.340490681877657e-05,1.536787883625333e-08,1.5574041999934707
292,58122.58199397818,26571.706079356984,84694.28807333516,340.9474504787451,0.33849505168440464,112118709.18907046,0,False,2,0.9618619831905493,0,1.2776407495778297e-05,1.4287058478313839e-08,1.5632907999970485
293,58121.749032334425,26572.53791896259,84694.28695129702,340.9450073907357,0.3384926261692678,112118709.18907046,0,False,2,0.9623437420278342,0,1.2172133501128922e-05,1.3248096980112571e-08,1.567980699997861
294,58120.92997198466,26573.355941685008,84694.28591366966,340.9426050583431,0.33849024111659687,112118709.18907046,0,False,2,0.9628134444370816,0,1.1592930782265448e-05,1.2251444507770198e-08,1.5726582999923266
295,58120.12528539649,26574.15967144863,84694.28495684512,340.94024486820706,0.3384878979030578,112118709.18907046,0,False,2,0.9632715383118254,0,1.1039592672004698e-05,1.1297391952675827e-08,1.5777986000175588
296,58119.33542012595,26574.94865707823,84694.28407720418,340.9379281339228,0.33848559783279714,112118709.18907046,0,False,2,0.9637184495988772,0,1.0512861229770429e-05,1.038607196238932e-08,1.5824049999937415
297,58118.56079576966,26575.722475360148,84694.28327112981,340.9356560870971,0.33848334212856285,112118709.18907046,0,False,2,0.9641545836278388,0,1.0013434841339076e-05,9.517458940645563e-09,1.5874940000067
298,58117.80180114727,26576.480733872708,84694.28253501997,340.9334298690795,0.338481131923495,112118709.18907046,0,False,2,0.9645803263450347,0,9.541976071118257e-06,8.69137574822388e-09,1.5922886000189465
299,58117.0587918213,26577.223073478537,84694.28186529984,340.93125052368345,0.3384789682538989,112118709.18907046,0,False,2,0.964996045459788,0,9.099114587258753e-06,7.90750109108865e-09,1.5975665000150912
300,58116.332088061026,26577.949170371874,84694.2812584329,340.9291189912092,0.3384768520533113,112118709.18907046,0,False,2,0.9654020915102275,0,8.685441900149181e-06,7.165382750309852e-09,1.6021998999931384
301,58115.621973347006,26578.658737584545,84694.28071093155,340.92703610405266,0.33847478414814086,112118709.18907046,0,False,2,0.9657987988551446,0,8.301496917340117e-06,6.464442908405363e-09,1.6070498000190128
302,58114.928693493595,26579.35152587257,84694.28021936616,340.9250025841273,0.3384727652551083,112118709.18907046,0,False,2,0.9661864865978228,0,7.947743095239063e-06,5.803997392859989e-09,1.612891500000842
303,58114.252456442504,26580.027323931223,84694.27978037373,340.9230190422539,0.3384707959806409,112118709.18907046,0,False,2,0.966565459447225,0,7.624539049337704e-06,5.183259456118364e-09,1.6175087000010535
304,58113.593432748705,26580.68595791644,84694.27939066515,340.9210859795818,0.3384688768222832,112118709.18907046,0,False,2,0.9669360085214439,0,7.33210465960251e-06,4.6013566136688714e-09,1.622628800017992
305,58112.95175674849,26581.327290283432,84694.27904703192,340.9192037910111,0.338467008172095,112118709.18907046,0,False,2,0.9672984120978823,0,7.070484518464597e-06,4.05733700129264e-09,1.6279847999976482
306,58112.327528365706,26581.951217986032,84694.27874635175,340.9173727704873,0.33846519032190736,112118709.18907046,0,False,2,0.9676529363142448,0,6.839510420298561e-06,3.550182776808778e-09,1.632809000002453
307,58111.720815482564,26582.557670110822,84694.27848559339,340.9155931179522,0.3384634234702239,112118709.18907046,0,False,2,0.9679998358240649,0,6.63876496064299e-06,3.0788190545780944e-09,1.6377383999933954
308,58111.13165677482,26583.146605045924,84694.27826182074,340.9138649476575,0.3384617077304745,112118709.18907046,0,False,2,0.9683393544101703,0,6.467549250625002e-06,2.64212232455548e-09,1.6430189000093378
309,58110.56006489152,26583.7180073046,84694.27807219612,340.91218829748965,0.3384600431402732,112118709.18907046,0,False,2,0.9686717255592106,0,6.324858985913101e-06,2.2389307613284483e-09,1.6482617000001483
310,58110.00602984664,26584.271884136528,84694.27791398317,340.91056313891664,0.3384584296712932,112118709.18907046,0,False,2,0.9689971730000947,0,6.209373842458663e-06,1.868047660475654e-09,1.6534489000041503
311,58109.46952248418,26584.808262064842,84694.27778454902,340.9089893871506,0.3384568672393565,112118709.18907046,0,False,2,0.9693159112089641,0,6.119464851628374e-06,1.528251403969733e-09,1.6586064000148326
312,58108.950497881364,26585.327183484904,84694.27768136626,340.9074669111293,0.33845535571434343,112118709.18907046,0,False,2,0.969628145883101,0,6.0532225468453145e-06,1.2182966629130607e-09,1.6635604000184685
313,58108.44889856344,26585.828703450963,84694.2776020144,340.9059955429456,0.3384538949295548,112118709.18907046,0,False,2,0.9699340743859814,0,6.00850562495732e-06,9.369212702327837e-10,1.6681512000213843
