model,patch,wavelength_nm,mse,psnr_db,ssim
untrained,0,420,0.001270486151832607,28.960300643526597,0.5785350759416773
untrained,0,430,0.0003618396868832338,34.41483801077257,0.7691473788112005
untrained,0,440,0.0003444613437613039,34.62859508540466,0.797124625640653
untrained,0,450,0.004086850975781876,23.886111982501337,0.7114569980966704
untrained,0,460,0.006874375587056956,21.6276674352113,0.6578883666848998
untrained,0,470,0.00985195072490907,20.06477768976012,0.5954262980832683
untrained,0,480,0.008964906442640076,20.47454238355805,0.6736519406661079
untrained,0,490,0.00491412024771522,23.08554220611283,0.7991416797768376
untrained,0,500,0.019012284011683877,17.209657066965608,0.5872750232134542
untrained,0,510,0.04377675484146268,13.587564357028036,0.3268917061546615
untrained,0,520,0.0700770471879794,11.544242061690863,0.24026063271873765
untrained,0,530,0.07992224427522925,10.97332329303308,0.3638974457444556
untrained,0,540,0.00887914732259747,20.516287381483185,0.6850417264430458
untrained,0,550,0.013318557078456254,18.7554282372492,0.6844926821842513
untrained,0,560,0.11225939038357824,9.497773205144126,0.4351846399421676
untrained,0,570,0.1342153586864907,8.721977836369817,0.35606392348848137
untrained,0,580,0.0846042486270163,10.726078271626506,0.5769198502150096
untrained,0,590,0.0696137360877452,11.573050575371521,0.6186107035029458
untrained,0,600,0.046206837072051046,13.352937585786279,0.6871262208938439
untrained,0,610,0.00834130374452808,20.787660638942928,0.7258953819445205
untrained,0,620,0.008829089938334995,20.54084059177594,0.7507163965350899
untrained,0,630,0.04421288100156001,13.544511846572675,0.6434823761744033
untrained,0,640,0.05446876472390824,12.638524738121163,0.45352624547021736
untrained,0,650,0.042556890453959176,13.710301125744556,0.37055648658391416
untrained,0,660,0.025625166101183053,15.91333310849616,0.40037458953186283
untrained,1,420,0.0011214929135517598,29.502034662763684,0.6101370850014473
untrained,1,430,0.0008150853990382665,30.887968864893715,0.6894731488343082
untrained,1,440,0.0010507950685944363,29.78481974035234,0.6740066835195365
untrained,1,450,0.0038456092918259894,24.150348415284945,0.687762501061246
untrained,1,460,0.006488139299267387,21.87879834466795,0.6408257246649081
untrained,1,470,0.009158208508168404,20.38189472959869,0.5849768265181039
untrained,1,480,0.007350039226783219,21.337103431021948,0.6357002480836832
untrained,1,490,0.0036880525770207452,24.332028962552783,0.610928481844111
untrained,1,500,0.015248901751588535,18.1676143372049,0.5471742796787654
untrained,1,510,0.034940867383420456,14.566663181522436,0.33917674332392095
untrained,1,520,0.05483773934897498,12.609204570280792,0.2534530280147294
untrained,1,530,0.05870566308833691,12.313200021700153,0.3586975168107337
untrained,1,540,0.009917393191881837,20.036024680835702,0.3710345146772848
untrained,1,550,0.012471782834335969,19.040714599320005,0.3753586681789251
untrained,1,560,0.07708948864787887,11.130048350934754,0.3745196264712827
untrained,1,570,0.08956164711264221,10.478779279854395,0.3234582040201867
untrained,1,580,0.052424658886176354,12.804643866963481,0.41926329106331894
untrained,1,590,0.04175271320750439,13.79315297599278,0.4375123460040311
untrained,1,600,0.026191293158398535,15.818430583639206,0.44082183367062006
untrained,1,610,0.00944598368314157,20.247528089528082,0.3791760251526487
untrained,1,620,0.008396976067584876,20.758770846051288,0.413129443360736
untrained,1,630,0.024506052207248965,16.107266456103773,0.5010171021110396
untrained,1,640,0.02950310753872523,15.301322377220838,0.43678222773221326
untrained,1,650,0.02263993319083041,16.451248590604667,0.39101836497482556
untrained,1,660,0.013261830632946621,18.773965227704423,0.4308441717753177
best_epoch,0,420,0.0020977551725886606,26.782451993637217,0.4962846452985129
best_epoch,0,430,0.00031072972046057974,35.07617205661249,0.7728346411851192
best_epoch,0,440,0.00163698899501707,27.85954240208966,0.7250842037609315
best_epoch,0,450,0.0001810026333071109,37.42315106774858,0.8822954386016002
best_epoch,0,460,0.0009816865958984372,30.080271388893788,0.8467534460741586
best_epoch,0,470,0.001147383802497034,29.402912853022887,0.8396980592782142
best_epoch,0,480,0.0015523024429521355,28.09023659038754,0.8424245993103571
best_epoch,0,490,0.0003777842051793498,34.22756203499537,0.8772618067331167
best_epoch,0,500,0.008458571645343128,20.727029678023925,0.7001482237708851
best_epoch,0,510,0.022794191763117044,16.421758024109714,0.4174156630542277
best_epoch,0,520,0.03307701012585313,14.804737537908245,0.328522358435195
best_epoch,0,530,0.04376286914575851,13.588942128783867,0.45117858155160656
best_epoch,0,540,0.0025555062476585273,25.9252305295163,0.6970767973295405
best_epoch,0,550,0.00506132490275552,22.95735783034062,0.6986936335330003
best_epoch,0,560,0.0704894174769674,11.518760784175697,0.504686736841217
best_epoch,0,570,0.08097671664614207,10.916398365003172,0.42839131918703177
best_epoch,0,580,0.04764723965151123,13.219622542878017,0.6540275753157349
best_epoch,0,590,0.030956454510958374,15.092487855375971,0.7090474661869123
best_epoch,0,600,0.016246112823989176,17.892505350567532,0.7641462779105632
best_epoch,0,610,0.0032938906264333486,24.82290825665681,0.735888190315172
best_epoch,0,620,0.0019699470765961865,27.05545441173929,0.7672555723664852
best_epoch,0,630,0.024639906658665344,16.08360941706612,0.7165184455723607
best_epoch,0,640,0.033580168150213134,14.739171334949665,0.5293632511883338
best_epoch,0,650,0.024447362323448536,16.117679909438717,0.4523978442226494
best_epoch,0,660,0.010680801170893048,19.713961694939908,0.5362267908793265
best_epoch,1,420,0.0017455272228315607,27.58073373642506,0.5468762627761647
best_epoch,1,430,0.000499958397239191,33.01066132866312,0.7073556839979098
best_epoch,1,440,0.002868991177646364,25.42270787238628,0.6059700968059567
best_epoch,1,450,0.00039112485565065826,34.07684584127333,0.8161523219134549
best_epoch,1,460,0.001420608422577328,28.475256147885496,0.7779116947022604
best_epoch,1,470,0.0016576288008195274,27.80512716128676,0.767258728039833
best_epoch,1,480,0.0016681325530482397,27.7776944244519,0.7467440380430026
best_epoch,1,490,0.0011546470716653704,29.375507415300795,0.6356843729500308
best_epoch,1,500,0.007186309092578666,21.434941071544124,0.6339035760747362
best_epoch,1,510,0.01882286712668562,17.25314223498557,0.42557492453378093
best_epoch,1,520,0.026801626854216904,15.7183884356951,0.3418925352620334
best_epoch,1,530,0.03240129171659344,14.894376757746722,0.43792724078912343
best_epoch,1,540,0.008183388045716736,20.87066854650886,0.36946754304859175
best_epoch,1,550,0.008667877352211216,20.620872424415975,0.37737870014649405
best_epoch,1,560,0.04762072505448885,13.222039964832934,0.4327619608358146
best_epoch,1,570,0.05278038869769395,12.775274157711035,0.3901244078030738
best_epoch,1,580,0.028246349443777918,15.490376724062514,0.47040657318776985
best_epoch,1,590,0.01755568739407441,17.555821610372043,0.4926859078021494
best_epoch,1,600,0.009187954947327336,20.367811430128306,0.476593131678753
best_epoch,1,610,0.007885958150740845,21.03145531973745,0.3785619637971716
best_epoch,1,620,0.005839363508145435,22.336344884980207,0.41317267544938385
best_epoch,1,630,0.012600787861090671,18.996022998802854,0.5556504381526362
best_epoch,1,640,0.016655823900494176,17.784338795391072,0.5166730587238476
best_epoch,1,650,0.011653561966814599,19.335413101664574,0.48880810835588906
best_epoch,1,660,0.004549195352733833,23.420654131826456,0.5939364617151056
