wavelength_nm,eta_window,R50_input_um,R80_input_um,R50_window_um,R80_window_um,peak_q0.5_equivalent_radius_um,peak_q0.1_equivalent_radius_um,peak_q0.05_equivalent_radius_um,core_rms_radius_um,outer_power_over_input,outer_fraction_of_window
420,0.8952954549282387,82.98515047886579,165.97030095773158,74.64,130.62,37.13850861936828,80.10033086404685,107.13303406041446,76.72209370418295,0.13209391535987028,0.14754226063892853
430,0.901169339113249,75.66956587690984,161.8395711808456,67.27958680015804,128.07763895387828,28.29255225392617,67.77505274683375,91.1056679643293,73.80609879082996,0.12569166637635198,0.13947619045720377
440,0.9071011707488843,69.54171410024345,157.35493636997856,62.510226363371935,122.67757578302566,18.89793919501161,63.94174588334404,83.04422985586933,70.9177228612974,0.11741424224711638,0.12943897112400546
450,0.913272841406537,64.03881947693914,146.79727109180197,59.00810113874196,114.35330865348847,18.56925430968414,63.26407009674381,81.39666029967405,68.09949010702204,0.10895857335201263,0.11930560990317514
460,0.9194357782589361,61.259895527171764,138.10641259550547,56.324495559214725,104.2661997005741,21.63252661211937,63.555387386181614,81.39666029967405,65.40928971426348,0.10117764424435796,0.11004318804729372
470,0.9250903242002388,57.34556652436175,125.94540086878918,53.14370329587504,98.34683523123658,27.63193464886677,64.42143562210725,82.37420719223199,63.02212862069317,0.093735792125128,0.10132609721776593
480,0.9301655893166528,53.14370329587504,116.1991893259157,50.14724319441697,94.12567981162208,30.99293815773799,66.39830021790168,82.82149124323084,61.16610169839179,0.08629381891054802,0.09277253416130334
490,0.934595560405432,50.14724319441698,105.92278319606223,48.57975298413939,92.46694760832109,33.842070247827124,67.41066810256048,84.22222103200906,59.96898940776499,0.07888295671443389,0.08440330775829288
500,0.938070383237796,50.14724319441697,102.95932012207538,47.37010871847351,89.05684701357893,34.91668827169415,66.39830021790168,84.95017079188787,59.37759164095139,0.07194273350945948,0.07669225550128297
510,0.9404255881125425,48.57975298413939,101.25426410774018,45.28228351132483,87.96408357960651,36.30005952430006,66.11950976243475,86.10209010692508,59.217211396438884,0.06637144435724393,0.0705759660266721
520,0.9417589859827342,48.57975298413939,102.01558508384883,45.28228351132483,87.96408357960651,36.30005952430006,67.04430306320616,87.9417837321799,59.312467876372835,0.0631073432668533,0.06701007816877924
530,0.9421213730884825,48.57975298413939,102.95932012207538,45.28228351132483,87.96408357960651,36.63774176814113,67.13608175513124,85.74377773213564,59.56474499185132,0.06251402524450239,0.06635453459628834
540,0.9413676534603352,49.76,105.92278319606223,47.37010871847351,89.05684701357893,34.02353037031135,65.65222821977589,82.44892304178022,59.95688567877605,0.06426899448456005,0.06827193843799101
550,0.9393638643053068,50.14724319441697,108.62763000268394,47.37010871847351,92.4669476083211,31.583332887003397,63.845375450454604,81.99960676457906,60.51566133476291,0.06780387366046473,0.07218062801533047
560,0.9361707058361312,50.14724319441698,112.64899111842945,48.57975298413939,95.14770412364136,28.509356591157502,63.74885933260986,80.4837716905274,61.27080989302729,0.07271909768832345,0.07767717707357137
570,0.9319619483249554,53.14370329587504,118.01620227748391,50.14724319441697,100.29448638883395,25.547792676345782,64.89757983635812,81.54781485939279,62.2319116964623,0.07882505011274378,0.08457968724411821
580,0.9268839703156817,55.633371280194766,123.46347476075668,51.29143398268369,104.2661997005741,23.011751533232268,64.22998962487884,82.37420719223199,63.38519933531807,0.08601658791654737,0.09280189394930577
590,0.9210512601527496,57.34556652436175,131.21104374251428,53.14370329587504,108.62763000268394,22.194504004940473,63.555387386181614,85.45604612299441,64.70176813262898,0.09422865363891869,0.10230554771000645
600,0.9145848791162777,59.00810113874196,141.83782288233277,55.98,114.35330865348847,20.761057463967333,64.32578384608055,88.08170710424933,66.14770521621196,0.10342983601705819,0.11308937899454208
610,0.9075789982427185,62.510226363371935,153.8743019480511,57.34556652436176,119.48229827049695,20.761057463967333,65.65222821977589,90.15450145399151,67.69099843835666,0.11356238869198725,0.12512672606116948
620,0.9000536125231783,67.27958680015804,163.62265368829586,61.259895527171764,125.02045272674387,21.34599042966664,68.49800709831754,92.3141968433784,69.30449838355314,0.12448749815306404,0.1383112032671923
630,0.8919802944689791,72.53704157187553,176.03808792417624,63.43180274909423,130.7680113789301,21.63252661211937,71.23018238542411,94.94475734269551,70.96626845023023,0.1360140884999356,0.15248553061467418
640,0.8833550893172413,78.67746818498928,193.52098387513433,67.27958680015804,136.55698004862293,22.470222700853494,73.61084219242777,98.0710816535351,72.65873486335009,0.14797764067656044,0.16751773150583718
650,0.8742398659920192,84.60114656433446,206.76238052411756,70.91891144116639,143.19515354927344,23.540826430448092,74.19407246999545,100.48989085733466,74.36741092346429,0.16028697867033595,0.18334439426238563
660,0.864745212799556,90.56456702264965,221.48790305567482,75.92477592986363,149.79743656017618,24.564814467669308,77.12390548270831,103.98308697165969,76.07947587010067,0.17291171590745255,0.19995683508632814
