device,wavelength_nm,eta_window,peak_intensity,A3_primary,alpha_primary_deg,reliable_primary,reason_primary,A3_sensitivity,alpha_sensitivity_deg,reliable_sensitivity,reason_sensitivity,Eabs_50um,Eabs_100um,Eabs_150um,R50_um,R50_status,R80_um,R80_status,r_eq_q0.5_um,r_eq_q0.1_um,peak_x_um,peak_y_um,band_energy_frac_primary,band_energy_frac_sensitivity
fresnel,420,0.7294722647,54.82373078,6.878619554e-17,,False,A3=6.87862e-17 低于阈值 0.05，角度不可靠,7.406878773e-17,,False,A3=7.40688e-17 低于阈值 0.05，角度不可靠,0.2045501859,0.5521885772,0.7017999899,90.47099,reached,,not_reached,13.968678,108.2318,0,0,0.5043320345,0.5679668775
fresnel,450,0.8241285607,57.56218535,6.751022527e-17,,False,A3=6.75102e-17 低于阈值 0.05，角度不可靠,7.435084173e-17,,False,A3=7.43508e-17 低于阈值 0.05，角度不可靠,0.3807753814,0.7403341571,0.809882724,63.031738,reached,143.12582,reached,44.467303,90.811742,0,27,0.7030377274,0.636905996
fresnel,480,0.9013373951,179.8861731,6.178436755e-17,,False,A3=6.17844e-17 低于阈值 0.05，角度不可靠,6.738269669e-17,,False,A3=6.73827e-17 低于阈值 0.05，角度不可靠,0.6316325577,0.8609651506,0.894121841,38.013156,reached,77.87811,reached,15.887723,48.379051,0,0,0.6876651122,0.5400348387
fresnel,510,0.9490954707,605.5580288,6.9451031e-17,,False,A3=6.9451e-17 低于阈值 0.05，角度不可靠,8.05172483e-17,,False,A3=8.05172e-17 低于阈值 0.05，角度不可靠,0.8206937287,0.9227133865,0.9453210546,20.248457,reached,46.141088,reached,13.363078,25.187132,0,0,0.4306586188,0.3055978284
fresnel,540,0.9660076716,825.9641195,4.807215162e-17,,False,A3=4.80722e-17 低于阈值 0.05，角度不可靠,6.123870451e-17,,False,A3=6.12387e-17 低于阈值 0.05，角度不可靠,0.8905483692,0.9430142104,0.9612598901,14.764823,reached,25.632011,reached,13.831278,23.594999,0,0,0.2484393254,0.1294745902
fresnel,570,0.9609269456,696.4667546,4.033875996e-17,,False,A3=4.03388e-17 低于阈值 0.05，角度不可靠,5.528514126e-17,,False,A3=5.52851e-17 低于阈值 0.05，角度不可靠,0.865059446,0.9344333708,0.9566325465,16.278821,reached,37.215588,reached,14.636344,25.187132,0,0,0.3097286193,0.1678982931
fresnel,600,0.9392891659,412.0778282,6.332919129e-17,,False,A3=6.33292e-17 低于阈值 0.05，角度不可靠,7.163088876e-17,,False,A3=7.16309e-17 低于阈值 0.05，角度不可靠,0.7550599499,0.904462483,0.9344985865,25.612497,reached,56.320511,reached,15.887723,30.721146,0,0,0.5064901773,0.3687546308
fresnel,630,0.9043785493,173.0091389,6.655935169e-17,,False,A3=6.65594e-17 低于阈值 0.05，角度不可靠,9.044168477e-17,,False,A3=9.04417e-17 低于阈值 0.05，角度不可靠,0.5794215887,0.8375044059,0.8963231379,44.294469,reached,87.475711,reached,17.885789,56.893701,0,0,0.6543255638,0.5765988842
fresnel,660,0.8579119461,45.35617941,7.053841396e-17,,False,A3=7.05384e-17 低于阈值 0.05，角度不可靠,7.210447643e-17,,False,A3=7.21045e-17 低于阈值 0.05，角度不可靠,0.3887344707,0.7253450988,0.8442234904,60.299254,reached,120.07081,reached,56.206989,99.88068,0,0,0.6682364568,0.6738510399
jeon,420,0.7954346349,74.5119169,0.5164072163,-43.67894,True,,0.5054780008,-42.561729,True,,0.2878390581,0.5988776585,0.7627990078,82.38932,reached,,not_reached,36.789314,79.458647,0,0,0.511702732,0.5171242781
jeon,450,0.8283961597,126.8058723,0.5057525324,-26.394779,True,,0.5342069409,-26.526089,True,,0.374345045,0.6948679291,0.8043074104,64.513564,reached,146.93196,reached,18.472363,63.0051,0,0,0.5622616496,0.535865841
jeon,480,0.8604802114,107.4235016,0.432297769,-9.3134326,True,,0.4568440229,-11.216605,True,,0.4638670464,0.7671454853,0.8437184688,53.338541,reached,116.61904,reached,31.820493,65.916083,0,0,0.6337224949,0.5679627183
jeon,510,0.8839376149,101.5185857,0.2978132946,8.556591,True,,0.2917172706,5.6949313,True,,0.5189002535,0.7928424031,0.8742126874,48.507731,reached,101.96568,reached,35.957958,65.809758,-21,21,0.665483845,0.5940699344
jeon,540,0.8886123666,113.3805089,0.2631041202,32.310693,True,,0.2335599064,33.104667,True,,0.5146036903,0.7812892036,0.8773472474,48.918299,reached,105.65037,reached,33.425555,65.043499,0,0,0.6391249801,0.5882220125
jeon,570,0.870536893,133.9537357,0.30544243,50.508377,True,,0.3283742118,52.18175,True,,0.4664077399,0.7466366457,0.8531108262,52.697249,reached,117.51596,reached,25.774265,63.678486,0,0,0.5899945158,0.5492571719
jeon,600,0.8350560054,129.3832162,0.3166416901,-53.237122,True,,0.3642973573,-53.277305,True,,0.4017641241,0.6952321796,0.8109756854,59.808026,reached,141.76036,reached,21.379733,64.364611,0,0,0.5449684343,0.506662064
jeon,630,0.7852589754,105.0001605,0.3685617671,-38.053129,True,,0.4048589296,-38.064393,True,,0.3355085461,0.6279160469,0.7558352811,72.249567,reached,,not_reached,21.807223,71.213153,0,0,0.5030684447,0.4771256911
jeon,660,0.7255393537,74.88621428,0.4514715728,-27.849324,True,,0.4883954336,-26.824667,True,,0.2723466753,0.5468685373,0.6917832503,90.60905,reached,,not_reached,23.943185,76.84171,0,0,0.4545814129,0.4539541835
