wavelength_nm,R_synthetic_QE,G_synthetic_QE,B_synthetic_QE
420,8.072955064820362e-05,0.0016809828209090921,0.24666737430431246
430,0.0002012775767415071,0.00429801868255153,0.36391839582758007
440,0.00047765201489743817,0.010127930489273945,0.4804424417500848
450,0.00107889999710855,0.021994825172026798,0.5675756813440592
460,0.0023195520836836823,0.04402179082102974,0.6
470,0.004746575840358148,0.08120116994196762,0.5675756813440592
480,0.009245067342713239,0.13803977939628503,0.48044244175008544
490,0.017139300470730166,0.21626867315869214,0.36391839582758073
500,0.030243320017652175,0.31227007261242123,0.24666737430431246
510,0.05079479317351796,0.4155415945231187,0.1496113252663777
520,0.08120116994196762,0.5096194899409875,0.08120116994196762
530,0.12355454786051924,0.5760032647712866,0.03943711716991827
540,0.17894045770885292,0.6,0.017139300470730225
550,0.24666737430431246,0.5760032647712866,0.006665397922945383
560,0.3236445043425759,0.5096194899409875,0.0023195520836836823
570,0.40418307320683605,0.4155415945231187,0.0007223159968969224
580,0.4804424417500848,0.31227007261242123,0.0002012775767415071
590,0.5435731146657058,0.2162686731586926,5.01890083378366e-05
600,0.5853665880389075,0.13803977939628548,1.1198681468112323e-05
610,0.6,0.08120116994196762,2.2359919032472026e-06
620,0.5853665880389075,0.04402179082102974,3.995016881914389e-07
630,0.5435731146657058,0.021994825172026798,6.387222846645614e-08
640,0.4804424417500848,0.010127930489273945,9.137987846827578e-09
650,0.40418307320683605,0.00429801868255153,1.1698606716103426e-09
660,0.3236445043425759,0.0016809828209090921,1.3401788617218948e-10
