identity,gain,check,z,passed
continuous_coincident_points_G_1000,1000.0,shot_mean,-0.0871533279906392,True
continuous_coincident_points_G_1000,1000.0,shot_second_moment,-1.1144495997381199,True
continuous_coincident_points_G_1000,1000.0,read_mean,0.07068796652265201,True
continuous_coincident_points_G_1000,1000.0,read_second_moment,-1.5638419365324245,True
continuous_coincident_points_G_1000,1000.0,joint_mean,0.043596032873814076,True
continuous_coincident_points_G_1000,1000.0,joint_second_moment,-2.347567141440346,True
continuous_coincident_points_G_10000,10000.0,shot_mean,1.246766285594159,True
continuous_coincident_points_G_10000,10000.0,shot_second_moment,-0.39049517242705295,True
continuous_coincident_points_G_10000,10000.0,read_mean,-0.614169138320333,True
continuous_coincident_points_G_10000,10000.0,read_second_moment,-0.3124736516660688,True
continuous_coincident_points_G_10000,10000.0,joint_mean,0.3905091655552894,True
continuous_coincident_points_G_10000,10000.0,joint_second_moment,-0.7581037503890773,True
continuous_coincident_points_G_100000,100000.0,shot_mean,-0.8091691169177152,True
continuous_coincident_points_G_100000,100000.0,shot_second_moment,1.4405587188214892,True
continuous_coincident_points_G_100000,100000.0,read_mean,0.2850184637741135,True
continuous_coincident_points_G_100000,100000.0,read_second_moment,-0.19919489535542725,True
continuous_coincident_points_G_100000,100000.0,joint_mean,-0.6721744722314626,True
continuous_coincident_points_G_100000,100000.0,joint_second_moment,1.3985544193942763,True
continuous_separated_points_G_1000,1000.0,shot_mean,0.37097683931274555,True
continuous_separated_points_G_1000,1000.0,shot_second_moment,-0.6475813260981056,True
continuous_separated_points_G_1000,1000.0,read_mean,1.4685086607891604,True
continuous_separated_points_G_1000,1000.0,read_second_moment,-0.8938143339351714,True
continuous_separated_points_G_1000,1000.0,joint_mean,1.5138125506404003,True
continuous_separated_points_G_1000,1000.0,joint_second_moment,-1.1997167234438686,True
continuous_separated_points_G_10000,10000.0,shot_mean,-0.04506785885493541,True
continuous_separated_points_G_10000,10000.0,shot_second_moment,0.9241103028525632,True
continuous_separated_points_G_10000,10000.0,read_mean,-1.2004213391592895,True
continuous_separated_points_G_10000,10000.0,read_second_moment,0.2574189398335726,True
continuous_separated_points_G_10000,10000.0,joint_mean,-0.9176612778309351,True
continuous_separated_points_G_10000,10000.0,joint_second_moment,1.6211236330916985,True
continuous_separated_points_G_100000,100000.0,shot_mean,1.467534899429153,True
continuous_separated_points_G_100000,100000.0,shot_second_moment,-0.7217178338477372,True
continuous_separated_points_G_100000,100000.0,read_mean,-0.3352834392316717,True
continuous_separated_points_G_100000,100000.0,read_second_moment,0.9266126841217533,True
continuous_separated_points_G_100000,100000.0,joint_mean,1.2764911803889782,True
continuous_separated_points_G_100000,100000.0,joint_second_moment,-0.655046092968422,True
continuous_lines_and_square_G_1000,1000.0,shot_mean,0.11200415470201819,True
continuous_lines_and_square_G_1000,1000.0,shot_second_moment,3.3434357894983044,True
continuous_lines_and_square_G_1000,1000.0,read_mean,0.3785245645389905,True
continuous_lines_and_square_G_1000,1000.0,read_second_moment,0.36956398566603355,True
continuous_lines_and_square_G_1000,1000.0,joint_mean,0.2702522988453619,True
continuous_lines_and_square_G_1000,1000.0,joint_second_moment,3.228164353695741,True
continuous_lines_and_square_G_10000,10000.0,shot_mean,1.7248111581226535,True
continuous_lines_and_square_G_10000,10000.0,shot_second_moment,0.05241074212799314,True
continuous_lines_and_square_G_10000,10000.0,read_mean,-0.02831193326494787,True
continuous_lines_and_square_G_10000,10000.0,read_second_moment,0.5814450726288909,True
continuous_lines_and_square_G_10000,10000.0,joint_mean,1.698909130782658,True
continuous_lines_and_square_G_10000,10000.0,joint_second_moment,-0.058934436762938955,True
continuous_lines_and_square_G_100000,100000.0,shot_mean,0.45301840120304804,True
continuous_lines_and_square_G_100000,100000.0,shot_second_moment,-0.8982341410524871,True
continuous_lines_and_square_G_100000,100000.0,read_mean,0.9729667443488347,True
continuous_lines_and_square_G_100000,100000.0,read_second_moment,-1.7751453281131437,True
continuous_lines_and_square_G_100000,100000.0,joint_mean,0.5013663313204036,True
continuous_lines_and_square_G_100000,100000.0,joint_second_moment,-0.8869854363634773,True
nearest_depth_coincident_points_G_1000,1000.0,shot_mean,0.8756578248029292,True
nearest_depth_coincident_points_G_1000,1000.0,shot_second_moment,-1.171818378489661,True
nearest_depth_coincident_points_G_1000,1000.0,read_mean,-0.26942512302309646,True
nearest_depth_coincident_points_G_1000,1000.0,read_second_moment,0.256772615320354,True
nearest_depth_coincident_points_G_1000,1000.0,joint_mean,-0.017891607164248088,True
nearest_depth_coincident_points_G_1000,1000.0,joint_second_moment,0.3902716983329811,True
nearest_depth_coincident_points_G_10000,10000.0,shot_mean,-0.7406921282133261,True
nearest_depth_coincident_points_G_10000,10000.0,shot_second_moment,-0.20668384813119814,True
nearest_depth_coincident_points_G_10000,10000.0,read_mean,0.8574044160331687,True
nearest_depth_coincident_points_G_10000,10000.0,read_second_moment,-0.3077103570142003,True
nearest_depth_coincident_points_G_10000,10000.0,joint_mean,0.1382334328745641,True
nearest_depth_coincident_points_G_10000,10000.0,joint_second_moment,-0.17976354351182858,True
nearest_depth_coincident_points_G_100000,100000.0,shot_mean,-0.7637050518648175,True
nearest_depth_coincident_points_G_100000,100000.0,shot_second_moment,0.0005423214082914962,True
nearest_depth_coincident_points_G_100000,100000.0,read_mean,0.24106417702721758,True
nearest_depth_coincident_points_G_100000,100000.0,read_second_moment,-0.3078617275956602,True
nearest_depth_coincident_points_G_100000,100000.0,joint_mean,-0.6415671176810894,True
nearest_depth_coincident_points_G_100000,100000.0,joint_second_moment,-0.056587100087344015,True
nearest_depth_separated_points_G_1000,1000.0,shot_mean,-0.2584898563854159,True
nearest_depth_separated_points_G_1000,1000.0,shot_second_moment,-1.5644555774984616,True
nearest_depth_separated_points_G_1000,1000.0,read_mean,-0.3919671670203663,True
nearest_depth_separated_points_G_1000,1000.0,read_second_moment,-0.7217950884575105,True
nearest_depth_separated_points_G_1000,1000.0,joint_mean,-0.4477263188483153,True
nearest_depth_separated_points_G_1000,1000.0,joint_second_moment,-1.6565544404860884,True
nearest_depth_separated_points_G_10000,10000.0,shot_mean,-2.3434235366664504,True
nearest_depth_separated_points_G_10000,10000.0,shot_second_moment,-0.8019808538928054,True
nearest_depth_separated_points_G_10000,10000.0,read_mean,3.0662551099089206,True
nearest_depth_separated_points_G_10000,10000.0,read_second_moment,-1.1089027584699676,True
nearest_depth_separated_points_G_10000,10000.0,joint_mean,0.7128496292857144,True
nearest_depth_separated_points_G_10000,10000.0,joint_second_moment,-1.00066281477502,True
nearest_depth_separated_points_G_100000,100000.0,shot_mean,1.3012664698163658,True
nearest_depth_separated_points_G_100000,100000.0,shot_second_moment,-0.003944871323583186,True
nearest_depth_separated_points_G_100000,100000.0,read_mean,-0.22190839768624757,True
nearest_depth_separated_points_G_100000,100000.0,read_second_moment,-1.1318301514678517,True
nearest_depth_separated_points_G_100000,100000.0,joint_mean,1.1539786607585543,True
nearest_depth_separated_points_G_100000,100000.0,joint_second_moment,0.10431954929892229,True
nearest_depth_lines_and_square_G_1000,1000.0,shot_mean,0.4440973140269778,True
nearest_depth_lines_and_square_G_1000,1000.0,shot_second_moment,0.20546477298479807,True
nearest_depth_lines_and_square_G_1000,1000.0,read_mean,0.07258121686651786,True
nearest_depth_lines_and_square_G_1000,1000.0,read_second_moment,0.698210963386284,True
nearest_depth_lines_and_square_G_1000,1000.0,joint_mean,0.42867270233676963,True
nearest_depth_lines_and_square_G_1000,1000.0,joint_second_moment,0.008967038452238545,True
nearest_depth_lines_and_square_G_10000,10000.0,shot_mean,-1.1713106230766988,True
nearest_depth_lines_and_square_G_10000,10000.0,shot_second_moment,-0.4011992035406011,True
nearest_depth_lines_and_square_G_10000,10000.0,read_mean,-0.3854068038264848,True
nearest_depth_lines_and_square_G_10000,10000.0,read_second_moment,-1.4876136713864352,True
nearest_depth_lines_and_square_G_10000,10000.0,joint_mean,-1.2176888377417643,True
nearest_depth_lines_and_square_G_10000,10000.0,joint_second_moment,-0.43432814573102685,True
nearest_depth_lines_and_square_G_100000,100000.0,shot_mean,-1.0670190937997608,True
nearest_depth_lines_and_square_G_100000,100000.0,shot_second_moment,0.20698584836078152,True
nearest_depth_lines_and_square_G_100000,100000.0,read_mean,-0.4927178044565715,True
nearest_depth_lines_and_square_G_100000,100000.0,read_second_moment,-0.09396900584474649,True
nearest_depth_lines_and_square_G_100000,100000.0,joint_mean,-1.0906981942544542,True
nearest_depth_lines_and_square_G_100000,100000.0,joint_second_moment,0.19075829027586172,True
