iteration,data_term,regularization_term,objective,residual_norm,residual_relative,L,backtracks,projected_gradient_relative,objective_relative_change,elapsed_s
1,0.701608701957024,0.0005364816376425658,0.7021451835946665,1.1845747776793358,0.32304493918963695,1.053496836325091,0,0.14072506982197122,0.8955621704083273,0.006205499998031883
2,0.5101883382360228,0.0006208750258287121,0.5108092132618516,1.0101369592644582,0.2754740677646999,1.053496836325091,0,0.10578496871063965,0.2725020050030979,0.01043799999752082
3,0.3938328099560009,0.0006634278957798641,0.3944962378517808,0.8875052788079639,0.2420312286107203,1.053496836325091,0,0.08399679352530953,0.22770336241066644,0.014675700000225333
4,0.31862197855311825,0.0007043889582081011,0.31932636751132637,0.7982756147510937,0.21769744070445243,1.053496836325091,0,0.07028505970848734,0.1905464821408438,0.018960299999889685
5,0.2657680753356685,0.0007415844072364109,0.2665096597429049,0.7290652581705818,0.19882311056157573,1.053496836325091,0,0.06058466544499321,0.16540039640336957,0.023284399998374283
6,0.22638813190869744,0.0007757102211937048,0.22716384212989116,0.6728865162992902,0.1835026271328171,1.053496836325091,0,0.05295038072320862,0.1476337392459608,0.02748529999735183
7,0.19622309702779428,0.0008074804437798728,0.19703057747157415,0.6264552610167693,0.17084037708168456,1.053496836325091,0,0.04655991353485988,0.1326499163589906,0.03170929999760119
8,0.17279906619138657,0.0008370684158932867,0.17363613460727986,0.5878759498251082,0.1603194277311473,1.053496836325091,0,0.04108379794008484,0.11873508754076223,0.03616969999711728
9,0.1544468541015529,0.0008644263837699561,0.15531128048532286,0.5557820689830735,0.15156711763613942,1.053496836325091,0,0.03641458389235063,0.1055359482829026,0.04046899999957532
10,0.1399642449117639,0.0008894905837098547,0.14085373549547375,0.5290826871326709,0.14428593931900408,1.053496836325091,0,0.03249367925583269,0.09308753971167837,0.04462810000040918
11,0.12838740426253933,0.0009122609375042599,0.1292996652000436,0.5067295220579502,0.13819001613346601,1.053496836325091,0,0.02925208736246913,0.0820288525170242,0.04910409999865806
12,0.11899142282345132,0.0009329094350196688,0.11992433225847099,0.48783485489138906,0.13303725860321705,1.053496836325091,0,0.026615879964925277,0.07250856316656147,0.05328670000017155
13,0.11119648271835629,0.0009516849735747638,0.11214816769193106,0.47158558654470406,0.12860592678369734,1.053496836325091,0,0.024331032380884337,0.0648422586150414,0.057483000000502216
14,0.10465617708032965,0.0009688858339409174,0.10562506291427057,0.45750667116519655,0.1247664711002502,1.053496836325091,0,0.022516948428822212,0.05816505888512901,0.06167439999990165
15,0.0990562999988211,0.0009846865748893527,0.10004098657371045,0.44509841608080586,0.1213826205534411,1.053496836325091,0,0.020890448421833418,0.05286696345063832,0.06613889999789535
16,0.0942090390954261,0.0009993234205071914,0.0952083625159333,0.43407151276126404,0.11837547792350096,1.053496836325091,0,0.019405065308063494,0.048306441422550965,0.07061260000045877
17,0.09002480100489536,0.0010129277500790634,0.09103772875497443,0.42432252121445396,0.11571683412933764,1.053496836325091,0,0.018090958965407085,0.04380533023305499,0.07478699999774108
18,0.08637034595618388,0.0010255204683218165,0.0873958664245057,0.415620851152066,0.11334380498071825,1.053496836325091,0,0.016997743233655646,0.04000387949342085,0.0793305999977747
19,0.08314585995941413,0.0010372203545314523,0.08418308031394559,0.4077888177952263,0.11120793412886024,1.053496836325091,0,0.0160837181987659,0.03676130510514912,0.08406319999994594
20,0.08026460008180308,0.0010481308696020024,0.08131273095140508,0.40066095412905683,0.1092640971267752,1.053496836325091,0,0.015332782624421427,0.0340965114585503,0.08844069999759085
21,0.07764248064652224,0.0010583722069614288,0.07870085285348366,0.39406212872216545,0.10746453394810578,1.053496836325091,0,0.014545104590503557,0.03212139190703551,0.09263269999792101
22,0.07527369971524507,0.0010680900658124515,0.07634178978105752,0.38800438068466464,0.1058125277740132,1.053496836325091,0,0.013870847258735908,0.029975063635180415,0.09782759999870905
23,0.07311705297405154,0.0010772774427754656,0.074194330416827,0.3824056824213038,0.10428570889004898,1.053496836325091,0,0.01334177555654251,0.028129539147421907,0.10222419999990962
24,0.07112761282177175,0.0010859970031066488,0.0722136098248784,0.37716737086278224,0.1028571709279339,1.053496836325091,0,0.012801522680287485,0.0266963874573816,0.10641949999990175
25,0.06928839964312057,0.0010943432038180835,0.07038274284693866,0.372259048629098,0.10151862422967481,1.053496836325091,0,0.012259322750335241,0.025353489215948172,0.11071989999982179
26,0.06760042856569978,0.0011023407136868987,0.06870276927938668,0.3676966917602055,0.1002744256150798,1.053496836325091,0,0.011833505720396884,0.023869111938496307,0.11495089999880292
27,0.06603047730121059,0.0011099697391853786,0.06714044704039597,0.3634019188204999,0.09910319971251712,1.053496836325091,0,0.011449981234663321,0.02274030953013506,0.11911549999786075
28,0.06456015268038261,0.0011172921949340793,0.06567744487531668,0.3593331398031153,0.09799360452695857,1.053496836325091,0,0.01110806255539403,0.021790176109477692,0.12327379999987897
29,0.06317454137027986,0.0011243517019412996,0.06429889307222117,0.35545616148909237,0.09693631523860592,1.053496836325091,0,0.01073075530820518,0.020989729513877734,0.1282019999998738
30,0.061878184708096806,0.0011311882052194048,0.06300937291331621,0.3517902349642378,0.09593658180378185,1.053496836325091,0,0.010393293279708293,0.020055091111079608,0.13279010000042035
31,0.06066204390243934,0.001137776743962741,0.061799820646402076,0.3483160745714712,0.09498914483824472,1.053496836325091,0,0.010070173492177426,0.019196386362678897,0.1370580999973754
32,0.05952157798634951,0.0011441244434261064,0.06066570242977561,0.3450263120005473,0.09409199493289688,1.053496836325091,0,0.009789491186578445,0.018351480712468546,0.14149199999883422
33,0.05844202352903851,0.0011502457991184093,0.05959226932815692,0.34188308975156556,0.09323480798327174,1.053496836325091,0,0.009545486783468917,0.017694233456890373,0.1458318999975745
34,0.057416425283069214,0.0011561749234331867,0.0585726002065024,0.33886996114459367,0.09241309882151101,1.053496836325091,0,0.009316715442907315,0.017110761733866952,0.1502215000000433
35,0.056438807705691575,0.0011619421790192487,0.057600749884710825,0.3359726408673527,0.09162297170551092,1.053496836325091,0,0.00908479933127018,0.016592234566422517,0.15461899999718298
36,0.055509094872970725,0.0011675689905967642,0.05667666386356749,0.3331939221323544,0.09086518837119818,1.053496836325091,0,0.008849601174304141,0.01604295122881062,0.1590077000000747
37,0.05462531963170808,0.0011730528306115324,0.05579837246231961,0.3305308446475399,0.09013894151844604,1.053496836325091,0,0.008623025261348111,0.015496526107501818,0.1631811999977799
38,0.053786963038824645,0.001178397101055732,0.054965360139880376,0.32798464305154484,0.08944456784508945,1.053496836325091,0,0.008439956936979347,0.014928971682852676,0.1675504999984696
39,0.05298305455847248,0.0011835900770123704,0.054166644635484845,0.3255243602511876,0.0887736250539659,1.053496836325091,0,0.008273504825411709,0.014531252089732402,0.1719018000003416
40,0.0522122938737331,0.0011886717118819615,0.05340096558561506,0.32314793477208886,0.08812555096117784,1.053496836325091,0,0.00813041642539765,0.01413561897773869,0.17591709999760496
41,0.05146740516133599,0.0011936521750794543,0.05266105733641544,0.3208345528814999,0.08749466946154658,1.053496836325091,0,0.00794957544063586,0.013855709182137528,0.1800827000006393
42,0.050753282985298416,0.0011985626087916573,0.05195184559409007,0.3186009509882179,0.08688554473477945,1.053496836325091,0,0.007802885301724287,0.013467480111436062,0.18479859999933979
43,0.050066779765692335,0.0012033802329151093,0.05127015999860744,0.3164388717136134,0.08629592491427636,1.053496836325091,0,0.007644274398757289,0.013121489481023882,0.1887922999994771
44,0.049406238586644474,0.0012081088734077735,0.05061434746005225,0.31434451987157175,0.08572477501626866,1.053496836325091,0,0.0074965992218834635,0.01279131055126422,0.19263359999968088
45,0.04877118820247066,0.0012127538085878388,0.0499839420110585,0.31231774910328314,0.08517205512730074,1.053496836325091,0,0.007347604344040609,0.012455074116905381,0.1964890999988711
46,0.048160943771523794,0.0012173110962608595,0.04937825486778465,0.3103576767909046,0.08463752454899474,1.053496836325091,0,0.007230673664696387,0.01211763456231287,0.20051909999892814
47,0.04757049088811648,0.0012217720780088206,0.0487922629661253,0.3084493180025415,0.0841170967462464,1.053496836325091,0,0.007066329712920901,0.011867408097519967,0.2046872999999323
48,0.0470053936994462,0.0012261624605325197,0.04823155615997872,0.30661178613825724,0.08361598412715143,1.053496836325091,0,0.006916702750917713,0.01149171553153539,0.2085716000001412
49,0.04646307889396668,0.0012304599865246714,0.047693538880491354,0.3048379205216001,0.08313223390634543,1.053496836325091,0,0.006801429868999084,0.011154881208950048,0.21242829999755486
50,0.045940585347659414,0.0012346615038100674,0.04717524685146948,0.3031190701610818,0.08266348687521455,1.053496836325091,0,0.006694433314553665,0.010867132974145368,0.2163860000000568
51,0.04543331207143974,0.0012387773685158493,0.046672089439955586,0.3014409131867794,0.08220583732203376,1.053496836325091,0,0.00657720161406334,0.010665708079876712,0.22033109999756562
52,0.04494323810949866,0.0012428349094359653,0.04618607301893462,0.2998107339956282,0.08176127177193371,1.053496836325091,0,0.0064802334800227995,0.010413427529235329,0.22414189999835799
53,0.044468212845125525,0.0012468249214832449,0.04571503776660877,0.2982221079837158,0.08132803817361356,1.053496836325091,0,0.006400320400257484,0.010198642611004012,0.2279939000000013
54,0.044004931546892424,0.0012507536770780176,0.04525568522397044,0.29666456325922186,0.0809032807414192,1.053496836325091,0,0.006317809890075009,0.010048171566290318,0.23192289999860805
55,0.043553183922369704,0.0012546419511801985,0.0448078258735499,0.2951378793796882,0.0804869393585713,1.053496836325091,0,0.006222928676250927,0.009896200846459072,0.2364519000002474
56,0.04311399682174226,0.0012584947531591123,0.04437249157490137,0.2936460346122258,0.08008009893678772,1.053496836325091,0,0.006137512700520378,0.009715586287919187,0.24031919999833917
57,0.0426874584284861,0.0012623055947944802,0.04394976402328058,0.29218986439808653,0.07968298730893594,1.053496836325091,0,0.006065581135489959,0.009526793213926665,0.24423939999905997
58,0.04227099243333533,0.0012660706241155912,0.04353706305745093,0.2907610442729058,0.07929333431349044,1.053496836325091,0,0.005952112956508719,0.009390288548785904,0.24818869999944582
59,0.041868708354387,0.0012698003634973554,0.04313850871788436,0.28937418113711183,0.07891512339273742,1.053496836325091,0,0.005874296508964284,0.009154368980761007,0.25212219999957597
60,0.041477546984538635,0.0012734685563942421,0.04275101554093288,0.2880192597189939,0.07854562328572001,1.053496836325091,0,0.0058141748721435545,0.008982535290814005,0.2559704999985115
61,0.041094685278659004,0.00127708355482623,0.042371768833485236,0.2866868859179262,0.07818227213081276,1.053496836325091,0,0.005754766731414233,0.00887105727545873,0.25978199999735807
62,0.04071943691289767,0.0012806653799720584,0.04200010229286973,0.28537497056643796,0.0778245001919456,1.053496836325091,0,0.0056924899488083325,0.008771560660497743,0.2636536999998498
63,0.04035198434944424,0.0012842226971629595,0.0416362070466072,0.2840844393818297,0.07747255992113312,1.053496836325091,0,0.005621583806032762,0.008664151428133829,0.26802239999960875
64,0.03999348541892846,0.001287756296613558,0.04128124171554202,0.282819679014486,0.07712764760014108,1.053496836325091,0,0.0055500498293715676,0.00852540027644295,0.2731461000003037
65,0.03964406721306891,0.0012912549937670616,0.04093532220683597,0.28158148807430117,0.07678998101757144,1.053496836325091,0,0.0054911125075148845,0.008379580999275368,0.27703379999729805
66,0.039301753199915204,0.0012947183091178516,0.040596471509033054,0.2803631687647834,0.07645773361987844,1.053496836325091,0,0.005431025017171273,0.008277709311552167,0.2809772999971756
67,0.03896709568579996,0.0012981555981045733,0.040265251283904534,0.27916695967037347,0.07613151589057747,1.053496836325091,0,0.005376739888218713,0.008158842697814781,0.28542299999753595
68,0.03863918172118593,0.0013015628118149733,0.03994074453300091,0.2779898621215742,0.07581051006364516,1.053496836325091,0,0.005330650379720917,0.008059225773001525,0.2900566999996954
69,0.03831686515673648,0.0013049469601964065,0.03962181211693289,0.27682797964344746,0.07549365353287613,1.053496836325091,0,0.005277920292965728,0.007985139480925236,0.2940610999976343
70,0.03800072192028385,0.0013083159939282457,0.03930903791421209,0.2756835937094692,0.07518156847803838,1.053496836325091,0,0.0052033965101117175,0.007893990355558022,0.29803979999996955
71,0.03769302220188687,0.0013116674853115861,0.03900468968719845,0.2745651915370441,0.07487656944497739,1.053496836325091,0,0.00514781102224381,0.007742449145609935,0.30200409999815747
72,0.03739209546163393,0.0013149847448780008,0.03870708020651193,0.27346698324161156,0.07457707747646648,1.053496836325091,0,0.005107319089188054,0.007630094818680217,0.3061195999980555
73,0.03709602426458786,0.0013182684532469498,0.03841429271783481,0.27238217366262374,0.074281239466845,1.053496836325091,0,0.00505535438020726,0.007564184307238572,0.3099363999972411
74,0.03680546002848536,0.0013215341209145866,0.03812699414939995,0.27131332451055684,0.07398975401920717,1.053496836325091,0,0.004996532367946014,0.007478949841538391,0.31391149999763
75,0.036521655844016926,0.0013247815292439205,0.03784643737326085,0.27026526171158927,0.0737039372100542,1.053496836325091,0,0.004942318323981354,0.007358481369911878,0.3178942999984429
76,0.03624397852954485,0.0013279987025810675,0.037571977232125915,0.2692358762481139,0.07342321388999283,1.053496836325091,0,0.004884683087770927,0.007251941270668848,0.32172429999991436
77,0.035972397581372564,0.0013311812521075818,0.03730357883348014,0.26822526943363323,0.07314761168818999,1.053496836325091,0,0.004845022979849344,0.0071435792954829685,0.3255499000006239
78,0.03570566859369892,0.0013343269843388616,0.037039995578037783,0.26722899765444214,0.0728759187884343,1.053496836325091,0,0.004808339571227557,0.007065897259321195,0.32947649999914574
79,0.03544290296359851,0.0013374464823740057,0.03678034944597252,0.26624388430008494,0.07260726889849096,1.053496836325091,0,0.004769360443802404,0.007009885611844306,0.33349900000030175
80,0.03518429735411615,0.0013405507099226751,0.03652484806403882,0.2652707950533422,0.07234189809838332,1.053496836325091,0,0.004731032494382346,0.006946681741265398,0.3374578000002657
81,0.034929773945359135,0.0013436409967790372,0.03627341494213817,0.2643095682920281,0.07207976231218627,1.053496836325091,0,0.00468645584169591,0.006883892342544868,0.3414119999979448
82,0.03467995048053193,0.001346717773545836,0.036026668254077764,0.2633626795145126,0.07182153663212316,1.053496836325091,0,0.00464480418885598,0.006802411310156662,0.34547229999952833
83,0.03443446547737085,0.00134977807894843,0.035784243556319276,0.26242890647705275,0.07156688774056556,1.053496836325091,0,0.004603923050403459,0.006729034615379636,0.3494238999992376
84,0.03419336163058243,0.0013528188248578114,0.035546180455440245,0.26150855294074965,0.07131589847608834,1.053496836325091,0,0.004569217626706574,0.0066527353164348366,0.3532880999991903
85,0.033955701187334666,0.001355837680739431,0.035311538868074095,0.2605981626463804,0.07106762628354724,1.053496836325091,0,0.0045136291733633375,0.006601035170580141,0.357153400000243
86,0.033723483625087335,0.0013588423843131788,0.03508232600940051,0.2597055395061389,0.07082419936488238,1.053496836325091,0,0.004479848650552101,0.006491160284176096,0.361094799998682
87,0.03349508933814257,0.001361817484479513,0.03485690682262208,0.25882460987372347,0.07058396137831009,1.053496836325091,0,0.0044505703733099524,0.006425434468570532,0.3650679999991553
88,0.03326960890119286,0.0013647721863197801,0.03463438108751264,0.2579519680141745,0.07034598354713882,1.053496836325091,0,0.0044173806516093015,0.006383978252626275,0.36954119999791146
89,0.03304739673154382,0.001367716485917561,0.03441511321746138,0.25708907690348815,0.07011066483899864,1.053496836325091,0,0.004384527973549516,0.0063309308024655005,0.37344970000049216
90,0.03282845022991373,0.0013706487231274177,0.03419909895304114,0.2562360249063887,0.06987802935180004,1.053496836325091,0,0.004347809860206939,0.006276726827986604,0.3774087999991025
91,0.03261293137301243,0.0013735680830677536,0.033986499456080184,0.255393544840164,0.06964827693186822,1.053496836325091,0,0.004303896875759898,0.0062165233432869135,0.381357799997204
92,0.032401842965276324,0.001376471135175273,0.033778314100451595,0.25456568097556403,0.06942251049074837,1.053496836325091,0,0.004277533689453205,0.0061255309890805585,0.38569060000008903
93,0.0321934182870718,0.0013793486086357018,0.0335727668957075,0.2537456139012921,0.06919887030936733,1.053496836325091,0,0.00424318088324704,0.006085182467450293,0.3897966999975324
94,0.031988005485113734,0.001382213285015491,0.033370218770129224,0.2529347958866622,0.06897775243553997,1.053496836325091,0,0.004212546598761039,0.006033107911763177,0.39366659999723197
95,0.03178577463708869,0.0013850648662266946,0.03317083950331538,0.25213399071560616,0.06875936516049319,1.053496836325091,0,0.00418783921292164,0.005974766548198728,0.39771639999889885
96,0.031585904784775895,0.0013879018960713113,0.032973806680847206,0.25134002779014686,0.06854284383165289,1.053496836325091,0,0.0041623102498271735,0.005939940785896706,0.40250039999955334
97,0.03138840772502288,0.0013907317001726155,0.032779139425195496,0.25055301923953294,0.06832821902774404,1.053496836325091,0,0.004134641856276018,0.0059036937268387305,0.4076545999996597
98,0.031193383402982104,0.0013935565152082632,0.032586939918190366,0.2497734309448549,0.06811561779902246,1.053496836325091,0,0.00410849707661188,0.0058634701940160254,0.41156190000037896
99,0.03100091466556732,0.0013963759654665557,0.03239729063103387,0.2490016653179947,0.06790514988708014,1.053496836325091,0,0.004079842917391446,0.005819794298961741,0.41550549999737996
100,0.030811082531412674,0.0013991888220909287,0.0322102713535036,0.24823812169532977,0.0676969241947894,1.053496836325091,0,0.004056551679035753,0.00577268264992272,0.41945080000004964
101,0.030623381637025812,0.0014019953244198422,0.032025376961445653,0.24748083415499394,0.06749040459634234,1.053496836325091,0,0.004028524193873455,0.005740230811120909,0.42334959999789135
102,0.030438119068261084,0.0014047977372223899,0.03184291680548347,0.2467311049229954,0.06728594622130067,1.053496836325091,0,0.003998059108525216,0.005697361694815992,0.4272552000002179
103,0.030255614406689932,0.0014075927007741308,0.031663207107464064,0.2459903022750691,0.06708392221162211,1.053496836325091,0,0.003971812315839925,0.005643631804121022,0.43117399999755435
104,0.03007556492406146,0.0014103757057868738,0.03148594062984833,0.2452572727731492,0.06688401801364835,1.053496836325091,0,0.003944470608914484,0.005598500398715026,0.43519459999879473
105,0.029897830476828317,0.0014131464062854724,0.03131097688311379,0.244531513211808,0.06668609639841772,1.053496836325091,0,0.003913316913857503,0.005556884858274767,0.43904339999789954
106,0.029722957512383,0.0014159058306777654,0.031138863343060763,0.24381532975751544,0.06649078627971519,1.053496836325091,0,0.0038911464465238126,0.005496907384765967,0.4429490000002261
107,0.029550026735299797,0.001418646052154099,0.030968672787453896,0.24310502559716776,0.06629707950103872,1.053496836325091,0,0.0038651846024076405,0.005465535261575093,0.4469558999990113
108,0.029379311702191647,0.0014213759889764141,0.03080068769116806,0.24240178094309311,0.06610529791764554,1.053496836325091,0,0.0038341843733336,0.005424355684816123,0.4508380000006582
109,0.029211260630958216,0.001424095298144597,0.03063535592910281,0.24170751180283254,0.06591596404322682,1.053496836325091,0,0.003804960604676316,0.005367794502609659,0.4550283999997191
110,0.02904574649564814,0.001426799339134318,0.03047254583478246,0.24102176870833947,0.06572895530352174,1.053496836325091,0,0.0037839441195370725,0.005314450881430351,0.4588712000004307
111,0.02888214691115634,0.0014294867495656472,0.030311633660721985,0.24034203507150528,0.06554358540073989,1.053496836325091,0,0.003758708884484657,0.005280562212718131,0.4626955999992788
112,0.02872058282266679,0.0014321631692150688,0.03015274599188186,0.23966886665842432,0.06536000589764246,1.053496836325091,0,0.0037364807252470576,0.005241804866690945,0.46663279999847873
113,0.02856093433377474,0.0014348279887092213,0.029995762322483962,0.23900181728921954,0.06517809511668408,1.053496836325091,0,0.0037145678374331174,0.005206281027942297,0.4710408999999345
114,0.02840319072572491,0.001437482655320958,0.029840673381045867,0.2383408933679863,0.06499785480432319,1.053496836325091,0,0.003695887147084507,0.005170361725457635,0.47487309999996796
115,0.028247019247104155,0.0014401281039911117,0.029687147351095268,0.23768474602760756,0.0648189171115189,1.053496836325091,0,0.003674979391802353,0.005144858093186159,0.4787166999994952
116,0.028092512175147695,0.0014427684813224752,0.02953528065647017,0.23703380423537776,0.0646413990217797,1.053496836325091,0,0.0036499693624394386,0.005115570480014295,0.48275359999752254
117,0.02794007362640644,0.0014454034205029344,0.029385477046909376,0.23638982053551477,0.06446577847077581,1.053496836325091,0,0.0036281985443627797,0.005072022551713176,0.4871542999972007
118,0.027789492679783062,0.0014480269442162872,0.02923751962399935,0.23575195727621462,0.06429182702280085,1.053496836325091,0,0.0036069929783800014,0.005035052610302563,0.491046399998595
119,0.027640551803776572,0.0014506408811487954,0.029091192684925368,0.23511933907603846,0.06411930595291405,1.053496836325091,0,0.003583125128676582,0.005004765826779278,0.49486999999862746
120,0.02749357647573667,0.001453246882087343,0.028946823357824013,0.23449339639203776,0.06394860536051639,1.053496836325091,0,0.003561974692508295,0.004962647240522554,0.4988393999992695
121,0.02734827890198476,0.001455842485853312,0.028804121387838073,0.23387295227103438,0.06377940427915219,1.053496836325091,0,0.0035395692171948704,0.004929797243101289,0.5031159999998636
122,0.027204727753252268,0.0014584285157284496,0.02866315626898072,0.23325834498792222,0.0636117949596397,1.053496836325091,0,0.0035098854775597503,0.004893921844006458,0.5074755999994522
123,0.02706360772660621,0.0014610041039236016,0.02852461183052981,0.23265256382256444,0.06344659260735881,1.053496836325091,0,0.003491457121416204,0.004833537421726345,0.5113878999982262
124,0.02692400188281954,0.0014635609063008582,0.0283875627891204,0.2320517264870897,0.06328273848505381,1.053496836325091,0,0.0034746464125316365,0.004804589181568726,0.5153334999995423
125,0.026785724446792183,0.001466105456113719,0.028251829902905902,0.23145506884400774,0.06312002420507898,1.053496836325091,0,0.0034502077328018204,0.00478142090685281,0.5191917999982252
126,0.026649190329712746,0.0014686432352411384,0.028117833564953884,0.23086442051434755,0.0629589487226925,1.053496836325091,0,0.003428012580117348,0.004742925977273968,0.5231873999982781
127,0.026514494907372593,0.0014711707629458297,0.027985665670318422,0.2302802419113398,0.06279963759701226,1.053496836325091,0,0.0034088489841168825,0.004700500638861318,0.5273787000005541
128,0.02638132504375656,0.0014736842048563906,0.027855009248612953,0.22970121916853886,0.06264173252401721,1.053496836325091,0,0.0033911933984023604,0.0046686908664117675,0.5319538999974611
129,0.026249495838882714,0.0014761848110519322,0.027725680649934647,0.22912658439771982,0.062485024093200246,1.053496836325091,0,0.0033744175416925625,0.004642920687048283,0.5362844999981462
130,0.026118991274599452,0.0014786761829182922,0.027597667457517745,0.2285563006114662,0.06232950221773701,1.053496836325091,0,0.003359037289131102,0.004617134346788465,0.5401930000007269
131,0.025989640194587577,0.0014811596747217634,0.02747079986930934,0.2279896497413318,0.06217497107345337,1.053496836325091,0,0.0033382647998491033,0.004597040253626416,0.5440968000002613
132,0.0258617453928151,0.0014836386037543796,0.027345383996569477,0.22742799033019265,0.06202180114806277,1.053496836325091,0,0.003315940511474084,0.0045654248633647965,0.5481075999996392
133,0.025735542831103554,0.001486109230137281,0.027221652061240834,0.22687239951613133,0.06187028618748394,1.053496836325091,0,0.0032998545397607,0.004524783244739413,0.5519772999978159
134,0.025610658252589243,0.0014885678557809022,0.027099226108370143,0.22632126834475474,0.06171998741437343,1.053496836325091,0,0.003278638236387864,0.004497374097474615,0.5558167999988655
135,0.025487297459421517,0.0014910173407532148,0.026978314800174732,0.22577554101107372,0.0615711623197952,1.053496836325091,0,0.0032566005849917136,0.004461799304226831,0.5596377999972901
136,0.02536547218302535,0.0014934589930813793,0.02685893117610673,0.22523530887951537,0.06142383581970759,1.053496836325091,0,0.0032400512643394135,0.00442516980590758,0.5635966999980155
137,0.025244983314823558,0.0014958896405789246,0.02674087295540248,0.22469972547746273,0.06127777707288366,1.053496836325091,0,0.0032238370516702833,0.004395492133702997,0.5676858999977412
138,0.025125701439170724,0.001498310312950723,0.026624011752121448,0.2241682468110536,0.0611328377269632,1.053496836325091,0,0.0032082880944222596,0.004370134194045605,0.5719599000003655
139,0.025007537169183913,0.0015007229625699726,0.026508260131753884,0.22364050245509606,0.06098891676343233,1.053496836325091,0,0.0031923798905818725,0.004347640071873854,0.5764874999986205
140,0.024890484366022758,0.0015031284364627985,0.026393612802485557,0.22311649139417175,0.060846013905376695,1.053496836325091,0,0.0031776485167140794,0.004324966206702958,0.5804363999995985
141,0.024774530514976835,0.0015055282704882586,0.026280058785465094,0.2225961837722149,0.060704121010759914,1.053496836325091,0,0.00316127050937058,0.004302329426071203,0.5842856999988726
142,0.024659730132816738,0.0015079229118359714,0.02616765304465271,0.22207985110233092,0.060563312123818165,1.053496836325091,0,0.0031429440930709116,0.004277225623047395,0.588116999999329
143,0.02454613889812724,0.0015103112444134067,0.026056450142540648,0.2215677724676007,0.0604236633531928,1.053496836325091,0,0.0031258687459428604,0.004249632243377186,0.592008600000554
144,0.024433867203412042,0.0015126917086409463,0.02594655891205299,0.22106047680855137,0.060285318946054725,1.053496836325091,0,0.0031127846591157875,0.00421742907750298,0.5958799999971234
145,0.024322543580616994,0.0015150618668867126,0.025837605447503707,0.22055631290270064,0.060147828598145894,1.053496836325091,0,0.0030953507333616975,0.004199148909055165,0.5997821999990265
146,0.024212316397440335,0.001517425762357955,0.02572974215979829,0.22005597650343575,0.06001138204810915,1.053496836325091,0,0.0030790378052657236,0.004174662699473933,0.6041938999987906
147,0.024103310364176123,0.001519783270757731,0.025623093634933855,0.21956006177889512,0.059876141331312596,1.053496836325091,0,0.0030639144463620763,0.004144951169820432,0.6085184999974445
148,0.023995391549662792,0.0015221322978276632,0.025517523847490457,0.219067987390503,0.05974194791113331,1.053496836325091,0,0.0030478133013879835,0.004120103097132167,0.6127157999981137
149,0.02388850427694269,0.0015244731460740137,0.0254129774230167,0.21857952455315977,0.05960873939567338,1.053496836325091,0,0.003029964332156679,0.004097044254708788,0.6165631000003486
150,0.0237828766772324,0.0015268061046206972,0.025309682781853096,0.2180957435496273,0.05947680766133963,1.053496836325091,0,0.0030144255287286067,0.004064641440638534,0.6204142999995383
151,0.023678333164127884,0.0015291270050939929,0.025207460169221877,0.2176158687418171,0.05934594118416258,1.053496836325091,0,0.0030023728267264314,0.004038873719291028,0.6242920999975468
152,0.023574651575262257,0.001531437022467201,0.02510608859772946,0.21713890289518484,0.059215868008687146,1.053496836325091,0,0.0029855186746222838,0.0040214908924538426,0.6281462000006286
153,0.02347205631047415,0.0015337402930476244,0.025005796603521774,0.21666590091878396,0.05908687581876196,1.053496836325091,0,0.002973883581923276,0.003994727964783571,0.6319949999997334
154,0.023370301559125395,0.0015360366932095635,0.02490633825233496,0.21619575185061057,0.0589586616443595,1.053496836325091,0,0.0029615635332080883,0.003977411828296179,0.6365306999978202
155,0.023269366578518212,0.0015383284779758265,0.02480769505649404,0.21572837819127186,0.05883120435064968,1.053496836325091,0,0.002945184698238204,0.003960565974874731,0.6408636999985902
156,0.02316945519087637,0.0015406157266368117,0.02471007091751318,0.2152647448649052,0.05870476708172875,1.053496836325091,0,0.002932787525700932,0.003935236174039615,0.6448739000006753
157,0.023070436348204357,0.001542895701545797,0.024613332049750154,0.2148042660107306,0.05857919006772515,1.053496836325091,0,0.00292145116886269,0.003914957107406104,0.6487876999999571
158,0.02297217584032246,0.001545169564603734,0.024517345404926193,0.21434633582276352,0.05845430809951818,1.053496836325091,0,0.0029106590002641866,0.003899782631215721,0.6526879999983066
159,0.022874626149183067,0.0015474394991020315,0.0244220656482851,0.213890748510463,0.05833006505604733,1.053496836325091,0,0.0028940630773932195,0.0038862183106475085,0.6566677999981039
160,0.022778078144872132,0.0015497069619863678,0.0243277851068585,0.21343888186022777,0.05820683667291981,1.053496836325091,0,0.0028811827184696864,0.003860465481682974,0.660528799999156
161,0.022682450954429983,0.0015519683640894066,0.024234419318519388,0.21299037985049926,0.05808452585963116,1.053496836325091,0,0.002869699698367181,0.0038378252655967868,0.6644197999994503
162,0.022587563669385764,0.0015542230073226798,0.024141786676708445,0.212544412626565,0.0579629063068169,1.053496836325091,0,0.002855212287439519,0.003822358629412493,0.6683116999993217
163,0.022493579146454126,0.0015564725095748148,0.024050051656028942,0.21210176400234923,0.05784219176807558,1.053496836325091,0,0.002842076470378836,0.003799843893410199,0.6722453000002133
164,0.022400476605973038,0.0015587160536088126,0.02395919265958185,0.21166235662475763,0.057722361148474136,1.053496836325091,0,0.0028318831328319792,0.0037779127357638713,0.6760940999993181
165,0.02230804234877072,0.0015609529554384465,0.02386899530420917,0.2112251990117217,0.057603144061313005,1.053496836325091,0,0.0028206552064409915,0.0037646241530016997,0.6800441999985196
166,0.022216308371845156,0.0015631858807130985,0.023779494252558254,0.21079045695593127,0.057484585719853855,1.053496836325091,0,0.002809339204530769,0.0037496782126867287,0.683963199997379
167,0.02212530202396701,0.001565414857916707,0.023690716881883716,0.21035827544438088,0.0573667256634451,1.053496836325091,0,0.002796343851164201,0.003733358234268881,0.6880500000006577
168,0.02203508672962357,0.001567638691375512,0.02360272542099908,0.2099289724150698,0.05724965059683815,1.053496836325091,0,0.0027861245343329096,0.003714174683836694,0.6919796999973187
169,0.021945556999850662,0.0015698559338157454,0.023515412933666408,0.20950206204164512,0.05713322803051221,1.053496836325091,0,0.0027741169521189202,0.003699254462155984,0.6959053999999014
170,0.021856733080653154,0.0015720678325542024,0.023428800913207357,0.2090776558155039,0.05701748836924398,1.053496836325091,0,0.002763083849617635,0.003683202191829289,0.6998071999987587
171,0.021768652856995453,0.0015742745651110303,0.023342927422106485,0.20865595058370826,0.05690248529512125,1.053496836325091,0,0.0027536052104882016,0.0036652960353793906,0.7036883000000671
172,0.021681165958694883,0.0015764753476713474,0.02325764130636623,0.20823624064362514,0.05678802635624611,1.053496836325091,0,0.0027439760022322517,0.0036536169692018127,0.7075442999994266
173,0.021594274991409677,0.0015786727492691503,0.023172947740678827,0.20781855062245852,0.05667411826869402,1.053496836325091,0,0.002734656496171919,0.003641537186499672,0.7113905000005616
174,0.021507962535824474,0.001580867338991697,0.02308882987481617,0.20740280873616188,0.05656074145626484,1.053496836325091,0,0.0027201230678331307,0.003630002829333328,0.7153087000006053
175,0.02142246027545428,0.0015830597889793141,0.023005520064433595,0.20699014602369012,0.056448204364163805,1.053496836325091,0,0.002706633893174893,0.0036082300763731106,0.7202066999998351
176,0.021337842079180096,0.0015852462594027953,0.022923088338582892,0.2065809385165054,0.0563366095397886,1.053496836325091,0,0.0026969535504767534,0.0035831281196786464,0.7249197999990429
177,0.021253836133346516,0.0015874242892456659,0.022841260422592182,0.20617388842114084,0.05622560306237415,1.053496836325091,0,0.0026847288522006503,0.0035696724098463503,0.7291927000005671
178,0.0211705772231914,0.0015895965762306465,0.022760173799422044,0.20576966357163243,0.05611536705668761,1.053496836325091,0,0.002671812599728305,0.003550006508832397,0.7334592999977758
179,0.021088023395418487,0.0015917618525646822,0.02267978524798317,0.20536807636737744,0.05600585036223964,1.053496836325091,0,0.00265763221033601,0.003531983197813531,0.7376685999988695
180,0.02100639053263856,0.0015939203974802039,0.022600310930118765,0.20497019555359047,0.0558973444361331,1.053496836325091,0,0.002647055230497494,0.0035041918164314106,0.7418754999998782
181,0.020925394816081792,0.001596068313396129,0.02252146312947792,0.20457465540032954,0.05578947683067255,1.053496836325091,0,0.0026329129434613328,0.0034887927376152645,0.7460514999984298
182,0.02084522696202513,0.0015982087253494145,0.022443435687374544,0.2041824035612527,0.05568250598012832,1.053496836325091,0,0.002618262127510606,0.003464581393082203,0.7503680999980133
183,0.020765978404077148,0.0016003411517762963,0.022366319555853442,0.20379390768164365,0.055576559415868705,1.053496836325091,0,0.002609108722684788,0.003436021676684866,0.754622799999197
184,0.02068725829929576,0.0016024634737045707,0.02228972177300033,0.2034072678116284,0.0554711190032828,1.053496836325091,0,0.0025963677745633215,0.0034246932161472723,0.7587853999975778
185,0.020609307139438295,0.0016045802701687671,0.02221388740960706,0.20302367910880886,0.05536651067334779,1.053496836325091,0,0.0025858388189169863,0.003402212201909393,0.763212999998359
186,0.020531938695243487,0.0016066905343227879,0.022138629229566276,0.20264223989703375,0.055262488530301794,1.053496836325091,0,0.0025729315294650804,0.003387888785653895,0.7675724999971862
187,0.020455291278197597,0.0016087946649656053,0.022064085943163204,0.20226364615618694,0.05515924237455548,1.053496836325091,0,0.002561998784381962,0.003367113908909871,0.7718090999987908
188,0.02037935519200793,0.0016108909908497523,0.021990246182857682,0.20188786586621757,0.0550567634739329,1.053496836325091,0,0.002553934317742748,0.003346604092085791,0.7759810999996262
189,0.020303889914464534,0.0016129799486856993,0.021916869863150234,0.2015137211926996,0.054954730621653604,1.053496836325091,0,0.002545713589170973,0.0033367666326831725,0.7802658999971754
190,0.020228893811822815,0.0016150649074222927,0.021843958719245108,0.20114121314053376,0.054853144091763686,1.053496836325091,0,0.002537302712559241,0.0033267133655666054,0.784647299999051
191,0.020154386651437706,0.0016171471787721152,0.02177153383020982,0.20077044927696758,0.0547520332188865,1.053496836325091,0,0.002525275439405125,0.003315556944881039,0.7892657999982475
192,0.020080478371079038,0.0016192266764824183,0.021699705047561454,0.20040198786977656,0.054651550248015775,1.053496836325091,0,0.002513952929992983,0.003299206349379817,0.793797700000141
193,0.02000730265360357,0.0016213012326782373,0.021628603886281808,0.20003650993557937,0.05455188089893577,1.053496836325091,0,0.0025024412339197228,0.003276595747444803,0.7983482999989064
194,0.019934710176699916,0.0016233676782129896,0.021558077854912906,0.1996732840251791,0.0544528256984129,1.053496836325091,0,0.0024908466561040085,0.0032607759492804707,0.802837899998849
195,0.019862835092338754,0.0016254273302783574,0.021488262422617112,0.19931299552381804,0.05435457155759714,1.053496836325091,0,0.0024777016429682677,0.003238481313856254,0.8071791999973357
196,0.019791617469711167,0.0016274769576030124,0.02141909442731418,0.19895535916235665,0.054257040680849425,1.053496836325091,0,0.0024644765985249555,0.0032188733524647693,0.8114698999997927
197,0.019721229053162186,0.0016295170922064604,0.021350746145368648,0.19860125404016052,0.054160472807024955,1.053496836325091,0,0.0024559862210659076,0.0031909977416399423,0.816067199997633
198,0.01965132266526938,0.0016315456767638948,0.021282868342033273,0.19824894786741937,0.054064395524025345,1.053496836325091,0,0.002445793247168733,0.0031791771057190295,0.8205075999976543
199,0.019581978304599557,0.001633567256950238,0.021215545561549795,0.19789885449188208,0.05396892169211352,1.053496836325091,0,0.0024377655515515047,0.003163238121927241,0.8246901999991678
200,0.019513104802186366,0.001635581941003514,0.02114868674318988,0.1975505241814679,0.053873928665024,1.053496836325091,0,0.0024260575876463276,0.0031514069796577046,0.8290182999990066
201,0.019444799057023315,0.0016375914030241346,0.02108239046004745,0.19720445764243422,0.05377955299017069,1.053496836325091,0,0.0024163746352907603,0.003134770680916072,0.8335460999987845
202,0.019377081695024303,0.001639595752455774,0.02101667744748008,0.1968607715875578,0.05368582649625075,1.053496836325091,0,0.0024074608526823585,0.0031169621249498864,0.8377215000000433
203,0.019309868164225405,0.001641593925073935,0.02095146208929934,0.19651904825856145,0.05359263525656255,1.053496836325091,0,0.002399773627786442,0.003103028932318621,0.8422374000001582
204,0.019243083392315778,0.0016435859157199807,0.02088666930803576,0.1961789152397157,0.0534998777097535,1.053496836325091,0,0.0023926907787686137,0.0030925183639890766,0.8467363999989175
205,0.019176681678193627,0.0016455738048668696,0.020822255483060496,0.19584014745804104,0.05340749247625655,1.053496836325091,0,0.0023857025291813268,0.003083968249091895,0.8512052000005497
206,0.01911066028741959,0.0016475590882913437,0.020758219375710932,0.19550273802389362,0.053315477677199546,1.053496836325091,0,0.0023778830825134573,0.0030753684393920937,0.8555039999992005
207,0.01904504593872441,0.001649542329864465,0.020694588268588877,0.1951668308843714,0.05322387256834107,1.053496836325091,0,0.002370569033720138,0.003065345151738311,0.8599813000000722
208,0.018979833475105012,0.0016515234404182527,0.020631356915523265,0.19483240734079643,0.05313267205037174,1.053496836325091,0,0.002363772559832679,0.003055453543938687,0.8649121999987983
209,0.01891498953137967,0.0016535020500676304,0.0205684915814473,0.1944993035019903,0.053041831428590334,1.053496836325091,0,0.0023570603905883176,0.00304707704555598,0.869144199998118
210,0.01885050373479774,0.0016554786427149962,0.02050598237751274,0.1941674727383438,0.05295133798665378,1.053496836325091,0,0.0023503962281541113,0.003039075747827105,0.8734226999986276
211,0.01878637209396529,0.0016574536739260388,0.02044382576789133,0.19383690099650938,0.05286118789207898,1.053496836325091,0,0.00234377887540391,0.003031145178861159,0.8776730999998108
212,0.01872259095745211,0.0016594273413487717,0.02038201829880088,0.19350757585920048,0.052771377758552424,1.053496836325091,0,0.0023372072934996907,0.0030232829115341593,0.8819648999997298
213,0.018659156865738838,0.0016613997251122635,0.0203205565908511,0.19317948579359476,0.05268190444096249,1.053496836325091,0,0.002330582452007377,0.003015486839858093,0.886271499999566
214,0.018596069339140334,0.001663370853480427,0.02025944019262076,0.19285263461586588,0.05259276898001646,1.053496836325091,0,0.002323788194294422,0.003007614380890402,0.8907459999973071
215,0.018533337770356918,0.0016653406511850518,0.02019867842154197,0.19252707742214817,0.05250398640096027,1.053496836325091,0,0.0023170132212723513,0.0029991831216008742,0.8950637999987521
216,0.018470964482680617,0.0016673087042311224,0.02013827318691174,0.192202832875484,0.05241556179338514,1.053496836325091,0,0.002310496950466235,0.0029905538060255223,0.8994071999986772
217,0.01840892985520405,0.0016692745708082213,0.020078204426012273,0.19187980537411461,0.05232746908577162,1.053496836325091,0,0.0023040726242699655,0.0029828158721428126,0.9036286999980803
218,0.018347232840538637,0.0016712385250287072,0.020018471365567343,0.19155799560727627,0.05223970846608107,1.053496836325091,0,0.0022948942560287256,0.0029750200355337848,0.9078719999997702
219,0.01828595754010515,0.0016732005395816048,0.019959158079686755,0.1912378494969296,0.052152401541522585,1.053496836325091,0,0.0022868821004278467,0.0029629278278765006,0.9120743999992555
220,0.018225147343700454,0.001675159267523726,0.01990030661122418,0.19091960267976912,0.052065612572489914,1.053496836325091,0,0.002280185237190559,0.002948594736692423,0.9164344999990135
221,0.01816469112644257,0.0016771130941499006,0.01984180422059247,0.19060268165187272,0.05197918515894555,1.053496836325091,0,0.002273845935015127,0.0029397733298597993,0.9207801999982621
222,0.018104561639456493,0.001679062744690156,0.019783624384146648,0.19028694983869227,0.05189308205569619,1.053496836325091,0,0.002264437722320156,0.0029321847851638354,0.9251707999974315
223,0.018044888760954593,0.001681009358064516,0.01972589811901911,0.1899730968371816,0.05180749132246606,1.053496836325091,0,0.002257971622246231,0.002917881173168511,0.9295278999998118
224,0.017985574717537593,0.0016829512702490857,0.019668525987786678,0.1896606164575956,0.05172227491644138,1.053496836325091,0,0.0022518413652959186,0.0029084673806114153,0.9337765999989642
225,0.017926579091487115,0.0016848891882434065,0.01961146827973052,0.18934930203983913,0.051637376479425845,1.053496836325091,0,0.0022434162558523625,0.0029009651303604812,0.9381216000001587
226,0.017867968446850034,0.0016868239517012216,0.019554792398551256,0.18903951146175782,0.05155289360815126,1.053496836325091,0,0.0022358767886241286,0.0028899356422915847,0.9422672999971837
227,0.017809782722803362,0.0016887550962378063,0.019498537819041168,0.1887314638464046,0.05146888605958245,1.053496836325091,0,0.002229864048364997,0.0028767669000799804,0.946449399998528
228,0.017751905709809418,0.0016906817557170383,0.019442587465526455,0.1884245510001784,0.05138518797347268,1.053496836325091,0,0.0022231460251719774,0.002869464061047446,0.9508509999977832
229,0.01769436482227884,0.0016926053237093965,0.019386970145988235,0.18811892420635856,0.051301840606227805,1.053496836325091,0,0.0022171801980720397,0.0028605924821906766,0.9550464999992982
230,0.01763712507754692,0.001694525672095848,0.019331650749642767,0.1878144034814525,0.0512187948746177,1.053496836325091,0,0.0022112289060665724,0.0028534317600378495,0.9596089000006032
231,0.017580187137942006,0.0016964435793810823,0.01927663071732309,0.18751099774648955,0.051136053211492886,1.053496836325091,0,0.002205011395870252,0.00284611143829475,0.9638809999996738
232,0.017523554532928316,0.00169835915737552,0.019221913690303835,0.18720873127569834,0.05105362223666907,1.053496836325091,0,0.002198534927775234,0.002838516119421341,0.9681488999995054
233,0.017467240053279504,0.0017002725416191845,0.01916751259489869,0.1869076780299809,0.050971522119995845,1.053496836325091,0,0.0021923867892838385,0.0028301602161800543,0.9722995999982231
234,0.01741123770244475,0.0017021833751437049,0.019113421077588455,0.18660781174669377,0.05088974569939766,1.053496836325091,0,0.0021855735637687965,0.0028220415686400326,0.9764963999987231
235,0.017355576202305205,0.00170409144350941,0.019059667645814616,0.186309292319547,0.05080833657942763,1.053496836325091,0,0.002178830259659621,0.002812339641115735,0.9810008999993443
236,0.01730024631470314,0.0017059956670342619,0.019006241981737403,0.18601207656871713,0.05072728298453248,1.053496836325091,0,0.0021732598152701026,0.00280307427548164,0.9856337999990501
237,0.01724519773674713,0.001707896122213135,0.018953093858960265,0.18571589989415085,0.05064651275573182,1.053496836325091,0,0.002167247245773328,0.0027963509476627295,0.9901739999986603
238,0.01719043515153018,0.0017097941002720122,0.018900229251802195,0.18542079253163699,0.05056603413861618,1.053496836325091,0,0.0021606257648951496,0.002789233649738814,0.9949682000005851
239,0.01713600566549286,0.0017116899597297353,0.018847695625222597,0.18512701404977536,0.050485917920040146,1.053496836325091,0,0.0021550488072106123,0.002779523247030902,0.999349899997469
240,0.017081848732108957,0.0017135823983028134,0.01879543113041177,0.18483424321325828,0.05040607649604457,1.053496836325091,0,0.002149326204111659,0.0027729912372356793,1.0035232999980508
241,0.017027968683328832,0.0017154724264069616,0.018743441109735793,0.18454250829187746,0.05032651757607365,1.053496836325091,0,0.0021392422446109864,0.002766098862816433,1.0077328999977908
242,0.016974557862664198,0.0017173602424015234,0.018691918105065722,0.18425285811983594,0.05024752718730585,1.053496836325091,0,0.0021335782221412955,0.0027488551524996567,1.0122244999984105
243,0.016921449703180158,0.001719241533102103,0.018640691236282262,0.18396439711629073,0.050168861096228506,1.053496836325091,0,0.0021235715438055695,0.0027405891945127205,1.0188138999983494
244,0.0168687786737133,0.0017211184309957339,0.018589897104709034,0.18367786297599012,0.05009072047929717,1.053496836325091,0,0.002117800566051755,0.002724906009620614,1.0230197999990196
245,0.01681643526431364,0.0017229893440582102,0.01853942460837185,0.18339266759777306,0.05001294495566684,1.053496836325091,0,0.0021117544948344065,0.002715049795751544,1.0281061999994563
246,0.016764365800659563,0.0017248553497959083,0.01848922115045547,0.18310852410884407,0.04993545629236605,1.053496836325091,0,0.002103232725474614,0.0027079296675534457,1.0321848999992653
247,0.016712712060875736,0.001726717946089137,0.018439430006964873,0.18282621289561155,0.049858467308276824,1.053496836325091,0,0.0020958636701021854,0.0026929822021936126,1.036825899998803
248,0.016661405172171035,0.0017285741916123684,0.018389979363783403,0.18254536516806466,0.049781877430814914,1.053496836325091,0,0.0020890888715071766,0.0026817880575913176,1.041000900000654
249,0.016610441093087836,0.0017304241178383566,0.01834086521092619,0.18226596551790922,0.049705682457990244,1.053496836325091,0,0.0020840487886750665,0.00267070190159844,1.0452690999991319
250,0.016559718385352345,0.0017322691393501313,0.018291987524702475,0.18198746322399434,0.04962973220284623,1.053496836325091,0,0.002079039193710729,0.0026649607672051437,1.0496077999996487
251,0.016509233027761718,0.0017341113283557358,0.018243344356117453,0.18170984028258744,0.04955402175559178,1.053496836325091,0,0.0020737046610183945,0.002659260975294872,1.053804899998795
252,0.016458993719149863,0.0017359516484464425,0.018194945367596305,0.18143314867548246,0.04947856529216225,1.053496836325091,0,0.002065978524009904,0.0026529668889859583,1.0580636999984563
253,0.016409078792780345,0.0017377899023923828,0.01814686869517273,0.18115782507405162,0.04940348189704224,1.053496836325091,0,0.002057178698810879,0.0026423092486552225,1.0623424000004889
254,0.016359562906554354,0.001739623924345934,0.01809918683090029,0.18088428846394788,0.04932888583165056,1.053496836325091,0,0.002044085680597959,0.0026275532750795216,1.0665563999973529
255,0.016310674116510975,0.0017414512932903989,0.018052125409801376,0.1806138096409628,0.04925512365422645,1.053496836325091,0,0.002038155501127316,0.002600195331348639,1.0707532999986142
256,0.01626210088811872,0.0017432669959508824,0.0180053678840696,0.18034467493174683,0.049181728029559495,1.053496836325091,0,0.0020320819435409743,0.0025901396467359235,1.0749768999994558
257,0.016213800808740183,0.0017450744837414424,0.017958875292481625,0.18007665483754512,0.04910863637113114,1.053496836325091,0,0.002026627739887859,0.0025821517164950516,1.0791365999975824
258,0.016165775824957925,0.0017468761359913873,0.01791265196094931,0.17980976516840194,0.049035852990492554,1.053496836325091,0,0.002021722231783874,0.0025738433381551806,1.0834510999993654
259,0.016117975036472436,0.0017486729544072314,0.017866647990879666,0.17954372746755837,0.048963301949806436,1.053496836325091,0,0.0020168198992311,0.0025682389279899458,1.087688799998432
260,0.01607040375690847,0.0017504668874633647,0.017820870644371836,0.1792785751667414,0.04889099236622639,1.053496836325091,0,0.002011735075377996,0.0025621675946824224,1.092313799999829
261,0.016023060455939268,0.0017522586645936451,0.01777531912053291,0.1790143036516315,0.04881892298138311,1.053496836325091,0,0.0020057169134835846,0.0025560773515468484,1.0966372000002593
262,0.015975983272163832,0.0017540484243284459,0.017730031696492277,0.17875113019035058,0.04874715304638383,1.053496836325091,0,0.0019986808708938398,0.002547769957520528,1.1009034999988216
263,0.015929199457013384,0.0017558350791769695,0.01768503453619035,0.17848921231835488,0.04867572552266322,1.053496836325091,0,0.001988753140807601,0.0025379063654369137,1.1050623999981326
264,0.015882864247437734,0.0017576182839041177,0.01764048253134185,0.17822942656832924,0.04860487944911793,1.053496836325091,0,0.001983464440012314,0.0025191924142036254,1.1094601000004332
265,0.0158368032060466,0.0017593963708960965,0.017596199576942695,0.1779708021336455,0.0485343500774399,1.053496836325091,0,0.0019787129457755543,0.002510302896787491,1.1136277000005066
266,0.01579096422935628,0.0017611707534108565,0.01755213498276714,0.17771305089585449,0.04846405883495593,1.053496836325091,0,0.001973658577760985,0.0025042108656971726,1.118027799999254
267,0.015745350990329452,0.0017629425195313144,0.017508293509860766,0.17745619735771107,0.048394012403803026,1.053496836325091,0,0.001968534768625715,0.0024977857650603248,1.122253699999419
268,0.015699965457309863,0.0017647117562353328,0.017464677213545197,0.17720025653090835,0.048324214877814325,1.053496836325091,0,0.0019600772975562008,0.0024911791826544467,1.1264138000005914
269,0.01565495716464341,0.0017664783656302515,0.01742143553027366,0.17694607746227894,0.048254897800230144,1.053496836325091,0,0.0019556787842245384,0.002475950900369275,1.1312285999993037
270,0.015610151072480977,0.001768239062207894,0.01737839013468887,0.1766926771118768,0.04818579308659893,1.053496836325091,0,0.001949914641785965,0.0024708294279187307,1.1355712999975367
271,0.015565580969612598,0.0017699963919676942,0.01733557736158029,0.17644025033768568,0.04811695387656766,1.053496836325091,0,0.0019444324401816575,0.002463563815564371,1.1399983999981487
272,0.015521274906805636,0.001771750287964943,0.017293025194770578,0.17618896053275096,0.0480484247289919,1.053496836325091,0,0.0019334180163759424,0.002454614918336595,1.1441895999996632
273,0.015477405603789863,0.0017734996491406679,0.01725090525293053,0.17593979426945947,0.04798047469165378,1.053496836325091,0,0.0019263062145309666,0.0024356606993659042,1.148474499997974
274,0.015433901209124572,0.001775241153157669,0.01720914236228224,0.17569235162137578,0.04791299470076649,1.053496836325091,0,0.0019207438658126084,0.0024209100934687133,1.1530072999994445
275,0.015390625150382071,0.001776973609960064,0.017167598760342136,0.17544586145236982,0.04784577446008791,1.053496836325091,0,0.0019130267508807757,0.002414042551658805,1.1573872999979358
276,0.01534767258056831,0.0017787003899593504,0.01712637297052766,0.1752008708914902,0.047778963176973784,1.053496836325091,0,0.0019061908457558827,0.0024013719326729543,1.1615419999980077
277,0.015305056127904719,0.0017804198705966112,0.01708547599850133,0.17495745841720906,0.04771258225325852,1.053496836325091,0,0.0019014192237214124,0.0023879529014525207,1.1657680999996956
278,0.01526264125468222,0.0017821313528963566,0.017044772607578577,0.17471486058536762,0.04764642349037461,1.053496836325091,0,0.00189656362590244,0.002382338714257795,1.1702917000002344
279,0.015220450270632206,0.001783838008595945,0.01700428827922815,0.17447320866329138,0.04758052268618468,1.053496836325091,0,0.0018924569899186397,0.002375175620261816,1.1747193999981391
280,0.015178437842218782,0.0017855406425802789,0.01696397848479906,0.1742322463966919,0.04751480995767874,1.053496836325091,0,0.0018874634979605418,0.0023705663987320063,1.1791198999999324
281,0.0151366306695036,0.001787240747589534,0.016923871417093134,0.17399213010652867,0.04744932793508647,1.053496836325091,0,0.0018828716864234382,0.0023642489137712616,1.184031299999333
282,0.015095021746512756,0.001788938043857293,0.016883959790370048,0.1737528229785793,0.04738406657881524,1.053496836325091,0,0.0018769958288571598,0.002358303590204304,1.1879888999974355
283,0.015053673291399772,0.0017906327104821903,0.016844306001881963,0.17351468693686867,0.047319124589028844,1.053496836325091,0,0.0018729538753090918,0.0023486071383977966,1.1919710000001942
284,0.01501249815354145,0.0017923230668010163,0.016804821220342464,0.17327722385553992,0.04725436612201344,1.053496836325091,0,0.0018688447648121588,0.0023441026026888626,1.1963729999988573
285,0.014971500038161062,0.00179401081326476,0.016765510851425823,0.17304045791756945,0.047189797772699354,1.053496836325091,0,0.0018649168285638277,0.002339231605097666,1.2004254999992554
286,0.014930669102298701,0.0017956963534071228,0.016726365455705824,0.17280433502837075,0.0471254047889724,1.053496836325091,0,0.0018610062494675839,0.0023348764059086314,1.2042770000007295
287,0.014890003523881524,0.0017973804438324646,0.01668738396771399,0.1725688472690336,0.04706118501126954,1.053496836325091,0,0.0018571123106802894,0.002330541449370115,1.2081517999977223
288,0.014849501903554553,0.0017990634485612594,0.016648565352115813,0.17233398912318226,0.04699713693522206,1.053496836325091,0,0.0018518313234114083,0.0023262253492387203,1.2119923999998719
289,0.014809196531491925,0.0018007455436473063,0.01660994207513923,0.17209995079308957,0.04693331243081977,1.053496836325091,0,0.0018462029421362973,0.002319916230600228,1.2160040999988269
290,0.014769152066932871,0.0018024259688837762,0.016571578035816648,0.1718671118447789,0.046869815009369216,1.053496836325091,0,0.0018423638155751962,0.0023097033781956083,1.220343299999513
291,0.01472927054849765,0.0018041027234690398,0.01653337327196669,0.17163490640599685,0.04680649035206239,1.053496836325091,0,0.001838542798912743,0.002305439093813872,1.2247883999989426
292,0.014689549432743877,0.001805777292932954,0.016495326725676832,0.1714033222125165,0.04674333511432662,1.053496836325091,0,0.0018346672903750121,0.0023011968376935627,1.22897759999978
293,0.014649988779168729,0.0018074503951143928,0.01645743917428312,0.17117236213342812,0.046680350078590414,1.053496836325091,0,0.0018288382927965532,0.0022968657743975473,1.2332002999974065
294,0.014610661958621228,0.0018091222668378064,0.016419784225459033,0.1709424579127212,0.04661765298559371,1.053496836325091,0,0.0018242567047166995,0.002288019929791237,1.2370631999983743
295,0.014571534782332439,0.0018107908969606516,0.01638232567929309,0.17071341354640202,0.04655519038316158,1.053496836325091,0,0.0018190504182554362,0.002281305628113135,1.2408567999991647
296,0.014532602907579772,0.001812456144934119,0.01634505905251389,0.1704852070273534,0.04649295626974144,1.053496836325091,0,0.0018138686468744322,0.0022748068564100933,1.244643800000631
297,0.014493908042547637,0.0018141183639868367,0.016308026406534473,0.17025808669515605,0.046431018369926316,1.053496836325091,0,0.0018101601491199363,0.0022656783227542354,1.2486070999984804
298,0.014455367721054817,0.0018157772131114193,0.016271144934166235,0.17003157189801438,0.046369245605347,1.053496836325091,0,0.0018061544472397677,0.002261553387812718,1.2525625999987824
299,0.014416986740250964,0.0018174340640065066,0.016234420804257473,0.16980569331003578,0.0463076463411277,1.053496836325091,0,0.0018016679591061975,0.0022570095747625712,1.2563802000004216
300,0.014378792660365363,0.0018190893153355574,0.01619788197570092,0.16958061599348767,0.046246265591336884,1.053496836325091,0,0.0017979843102851772,0.002250701087344618,1.2601945999995223
301,0.014340752590335341,0.0018207421958751642,0.016161494786210505,0.16935614893079814,0.04618505126364482,1.053496836325091,0,0.0017943377002313057,0.0022464165095782956,1.2642548999974679
302,0.014302861477008938,0.0018223934924398043,0.016125254969448742,0.1691322646747742,0.046123995872937903,1.053496836325091,0,0.001787794587701024,0.002242355502455364,1.268166800000472
303,0.014265219212795105,0.001824043673229841,0.016089262886024948,0.1689095569397724,0.04606326133083355,1.053496836325091,0,0.001781589299147509,0.0022320318960528445,1.2719843999984732
304,0.014227839458199418,0.0018256894537834667,0.016053528911982886,0.16868811136650633,0.04600287099237835,1.053496836325091,0,0.0017779877361121315,0.002220982669945696,1.275783599998249
305,0.014190616894708845,0.0018273292899718984,0.016017946184680745,0.16846730777636856,0.04594265572889904,1.053496836325091,0,0.0017724019982407325,0.0022165050125260172,1.2796684999993886
306,0.014153605876268889,0.0018289657210176183,0.015982571597286506,0.16824747175674817,0.04588270433120924,1.053496836325091,0,0.0017681915386774264,0.002208434651133377,1.283689100000629
307,0.014116776819874643,0.001830598061067262,0.015947374880941906,0.16802843104590748,0.04582296982187568,1.053496836325091,0,0.00176460598844939,0.002202193566307883,1.2875488999998197
308,0.014080098486262767,0.0018322269903397659,0.015912325476602533,0.16781000259974235,0.045763402283010006,1.053496836325091,0,0.0017610954937955197,0.0021978165435403087,1.2913865999980771
309,0.014043561535613003,0.0018338537798437658,0.01587741531545677,0.16759213308274945,0.04570398716950731,1.053496836325091,0,0.001756458005255814,0.0021939069306428135,1.295732999999018
310,0.014007197594403883,0.0018354792113984791,0.015842676805802362,0.16737501363348045,0.04564477660668966,1.053496836325091,0,0.0017526118064289612,0.002187919693741979,1.2996533999976236
311,0.013970999794930005,0.0018371022687915068,0.01580810206372151,0.1671586060897255,0.04558576018735524,1.053496836325091,0,0.0017491443054593859,0.0021823800677539347,1.3034832999983337
312,0.013934941277311064,0.001838722640529428,0.01577366391784049,0.16694275232732367,0.04552689478952399,1.053496836325091,0,0.0017456912467276554,0.0021785123693029173,1.307916199999454
313,0.013899020102195877,0.001840341441684496,0.01573936154388037,0.16672744286526964,0.04546817782763455,1.053496836325091,0,0.001742251523034532,0.0021746611401630496,1.3122468999972625
314,0.013863234947873929,0.0018419592073123244,0.015705194155186255,0.16651267187739155,0.04540960771283378,1.053496836325091,0,0.0017357179876573783,0.0021708243119557373,1.31712079999852
315,0.01382767471449102,0.001843576188585781,0.015671250903076802,0.16629897603106894,0.0453513307994796,1.053496836325091,0,0.0017314920023617452,0.002161275548334689,1.320995199999743
316,0.013792313526632535,0.0018451906478276418,0.015637504174460175,0.1660862036812964,0.04529330573251999,1.053496836325091,0,0.0017280415042796834,0.002153416394475625,1.3249613999978465
317,0.013757088345402976,0.0018468024298706274,0.015603890775273603,0.16587397834140818,0.04523542984041886,1.053496836325091,0,0.0017242095934050761,0.002149537343783514,1.328796699999657
318,0.013722014558772576,0.0018484126017780233,0.0155704271605506,0.16566239500123484,0.045177729027816936,1.053496836325091,0,0.0017208355981948172,0.0021445686338711152,1.3332470999994257
319,0.01368707351472222,0.00185002083205748,0.0155370943467797,0.16545134338966377,0.045120173222720855,1.053496836325091,0,0.0017174760052736655,0.002140777091546499,1.3374431999982335
320,0.01365226361515012,0.001851627874738411,0.015503891489888531,0.16524081587277473,0.0450627603432871,1.053496836325091,0,0.001714129803928114,0.002137005552653445,1.342136399998708
321,0.013617583736346276,0.0018532340883743136,0.01547081782472059,0.16503080764721645,0.04500548907959558,1.053496836325091,0,0.0017107962089891599,0.002133249267741046,1.3459976999984065
322,0.013583032978687766,0.00185483963379344,0.015437872612481206,0.16482131523979396,0.04494835848447261,1.053496836325091,0,0.0017068160361829695,0.002129506831031317,1.349938999999722
323,0.013548631957871007,0.0018564445763012154,0.015405076534172222,0.1646124658576683,0.044891403248534904,1.053496836325091,0,0.0017032211765466874,0.002124391043521709,1.353998099999444
324,0.013514374235233245,0.0018580480748298697,0.015372422310063114,0.164404222787818,0.04483461335978829,1.053496836325091,0,0.0016999275856740082,0.002119705412477048,1.358059799997136
325,0.013480244284520682,0.0018596499105532167,0.015339894195073898,0.1641964937781601,0.04477796366020214,1.053496836325091,0,0.0016953507873153876,0.0021160045133500455,1.3619099999996251
326,0.01344627551557219,0.001861250638959746,0.015307526154531936,0.16398948451392967,0.04472151024211906,1.053496836325091,0,0.0016908912573282565,0.0021100563100595656,1.3658342999988236
327,0.013412493348702323,0.0018628495016328821,0.015275342850335206,0.16378335293125687,0.0446652961762413,1.053496836325091,0,0.0016874623434033106,0.0021024497277897514,1.3697611999996298
328,0.01337884153566612,0.0018644452872893613,0.015243286822955482,0.16357775848608588,0.04460922859292832,1.053496836325091,0,0.0016837989126696948,0.0020985471615140106,1.3736811999988277
329,0.01334533366254268,0.0018660391385895176,0.015211372801132198,0.16337278636628977,0.044553330723732736,1.053496836325091,0,0.0016799975336963242,0.002093644382209163,1.3774859999975888
330,0.013311961136200251,0.0018676311038288425,0.015179592240029094,0.16316838625297642,0.04449758884620853,1.053496836325091,0,0.0016711150560790216,0.002089263179503306,1.3813786999999138
331,0.01327890786397994,0.0018692216359919042,0.015148129499971843,0.16296568880583384,0.04444231130213119,1.053496836325091,0,0.001667462188275271,0.002072699948703678,1.3854088999978558
332,0.013246024494083403,0.0018708070550077472,0.01511683154909115,0.1627637827901736,0.044387249589033805,1.053496836325091,0,0.0016642903690505682,0.0020661264402810514,1.38931859999866
333,0.013213264141154058,0.0018723883072519374,0.015085652448405994,0.16256238274062088,0.04433232585776206,1.053496836325091,0,0.001660403913480934,0.0020625420468504308,1.3934125999985554
334,0.01318064514039584,0.0018739671610364034,0.015054612301432244,0.16236160346828213,0.04427757141840934,1.053496836325091,0,0.00165718780119888,0.0020575939343631263,1.3976757999989786
335,0.013148154921827068,0.001875543682836639,0.015023698604663707,0.16216136976374532,0.04422296576064535,1.053496836325091,0,0.0016531974609116265,0.0020534369234866587,1.4015389999985928
336,0.01311580723042034,0.0018771183586966216,0.01499292558911696,0.16196176851603183,0.04416853257994223,1.053496836325091,0,0.0016493023699272425,0.002048298249087151,1.4054845999999088
337,0.013083614397002716,0.0018786908616792483,0.014962305258681963,0.1617628782941421,0.044114293302822336,1.053496836325091,0,0.0016460949986277897,0.0020423185757170704,1.409324000000197
338,0.013051541820610918,0.0018802604314165274,0.014931802252027445,0.1615644875621553,0.04406019024140479,1.053496836325091,0,0.0016416532968091633,0.0020386568865662486,1.413155199999892
339,0.013019618986584445,0.001881828054824269,0.014901447041408713,0.16136678088494202,0.044006273728305574,1.053496836325091,0,0.0016378063198928935,0.0020329234278876254,1.417461799999728
340,0.012987858490233869,0.0018833933831360501,0.014871251873369918,0.16116983892921075,0.04395256576211222,1.053496836325091,0,0.001634753061133886,0.0020263245545810026,1.4215186999972502
341,0.01295621298829953,0.0018849561386079191,0.01484116912690745,0.16097337039584858,0.04389898690275393,1.053496836325091,0,0.001631711146480204,0.002022879224871336,1.4253599000003305
342,0.012924680876416243,0.0018865173095261294,0.014811198185942372,0.1607773670416097,0.04384553490221825,1.053496836325091,0,0.0016284568943865706,0.002019446090048205,1.4291730999975698
343,0.012893265316919762,0.0018880773796743331,0.014781342696594096,0.16058185026284735,0.043792215595496585,1.053496836325091,0,0.0016240647668793857,0.0020157376178122064,1.4330292999984522
344,0.012862015410118046,0.0018896364722300288,0.014751651882348076,0.16038712797552082,0.04373911295423362,1.053496836325091,0,0.0016210093460255835,0.002008668282405868,1.436961199997313
345,0.012830878454974598,0.001891193355541828,0.014722071810516426,0.16019287409229288,0.04368613805127506,1.053496836325091,0,0.0016179170794837043,0.0020052040318986413,1.440779599997768
346,0.012799856479645757,0.0018927487960996982,0.014692605275745455,0.15999910299527156,0.043633294808760145,1.053496836325091,0,0.0016140853147474238,0.0020015209238364315,1.4446705999980622
347,0.012768964177368272,0.0018943030174075268,0.014663267194775799,0.1598059083849422,0.04358060877971276,1.053496836325091,0,0.0016102789623563302,0.0019967922923845166,1.4494847999994818
348,0.012738215913139563,0.001895855477723388,0.014634071390862952,0.1596133823533576,0.043528105078521756,1.053496836325091,0,0.0016068857005039,0.0019910844919506614,1.4539537999989989
349,0.012707598392210105,0.0018974053524203022,0.014605003744630408,0.1594214439290405,0.043475761623486237,1.053496836325091,0,0.0016032586564772816,0.001986299332302886,1.4581566999986535
350,0.012677107185959244,0.001898952833672811,0.014576060019632055,0.1592300674242101,0.043423571409301205,1.053496836325091,0,0.0015966315049821375,0.001981767721832617,1.4628204999971786
351,0.012646862859518581,0.0019004982643670851,0.014547361123885667,0.15904001294968875,0.0433717417255013,1.053496836325091,0,0.0015936126190823608,0.0019689062550328224,1.4670005000007222
352,0.012616732359033284,0.0019020406474569724,0.014518773006490257,0.158850447648304,0.043320045443922296,1.053496836325091,0,0.0015906981201161052,0.0019651754811029682,1.4708667999984755
353,0.012586708419218898,0.001903580884301349,0.014490289303520247,0.15866132748227527,0.043268470555037714,1.053496836325091,0,0.001587795036623426,0.0019618533162049354,1.4747122999979183
354,0.012556789664459169,0.0019051197610150884,0.014461909425474257,0.15847264536480213,0.04321701512620891,1.053496836325091,0,0.0015819570117018144,0.001958544612293957,1.4785461999999825
355,0.012527078485314036,0.0019066576528689529,0.014433736138182988,0.15828504973821145,0.04316585599389735,1.053496836325091,0,0.0015787881865921309,0.0019481028723386843,1.4825042999982543
356,0.012497482209698775,0.0019081925779213186,0.014405674787620093,0.15809795830243206,0.043114834359271076,1.053496836325091,0,0.0015749572778147184,0.0019441501697306438,1.4869230999975116
357,0.012468019957740587,0.0019097253454803075,0.014377745303220894,0.15791149393087628,0.04306398373109185,1.053496836325091,0,0.0015719271555172014,0.0019387834871297375,1.4911202000002959
358,0.012438674220523142,0.001911255449733616,0.014349929670256757,0.15772554783878953,0.04301327444271041,1.053496836325091,0,0.00156868272883187,0.0019346310827960767,1.49572999999873
359,0.012409438823319578,0.0019127833476453916,0.014322222170964969,0.15754008266672692,0.042962696305846704,1.053496836325091,0,0.0015647418388281225,0.0019308456507085299,1.4999645999996574
360,0.01238035055557699,0.0019143095862611634,0.014294660141838155,0.15735533391389686,0.0429123135434007,1.053496836325091,0,0.0015619215528573688,0.0019244240731504357,1.50385809999716
361,0.012351364076237551,0.0019158332499937798,0.01426719732623133,0.15717101562462177,0.04286204817250781,1.053496836325091,0,0.0015591119125247467,0.0019211940217063888,1.5076721999976144
362,0.012322477876355618,0.0019173553060321184,0.014239833182387737,0.156987119703214,0.04281189798539613,1.053496836325091,0,0.0015563119305916423,0.0019179761250853683,1.5115373999979056
363,0.012293690969469155,0.0019188762286555196,0.014212567198124675,0.15680364134463942,0.04276186167168662,1.053496836325091,0,0.0015513360834983377,0.0019147685168661498,1.515429299997777
364,0.012265055852265833,0.0019203962471518838,0.014185452099417717,0.15662091719988,0.042712031039341125,1.053496836325091,0,0.0015479987010635129,0.0019078255412249868,1.5196757999983674
365,0.012236562486733394,0.0019219141144336776,0.014158476601167072,0.15643888574605352,0.04266238931047773,1.053496836325091,0,0.0015450245892389071,0.0019016311966364061,1.5238718000000517
366,0.012208172789164728,0.0019234296221812511,0.01413160241134598,0.1562573056798608,0.042612870679365054,1.053496836325091,0,0.0015422044345757393,0.0018980989677150225,1.5282735000000685
367,0.012179885077108486,0.0019249432865535642,0.01410482836366205,0.15607616779706301,0.04256347263591862,1.053496836325091,0,0.0015379658099252498,0.0018946222023932416,1.5329022999976587
368,0.012151735739998459,0.0019264553804406266,0.014078191120439086,0.15589570706083256,0.04251425925685623,1.053496836325091,0,0.0015351375591819143,0.001888519486815505,1.5368105999987165
369,0.012123696656757154,0.0019279651135494622,0.014051661770306615,0.15571574523314688,0.042465181934954216,1.053496836325091,0,0.0015308716942603582,0.0018844288947004503,1.540638599999511
370,0.012095796184661316,0.0019294729244290648,0.01402526910909038,0.15553646636503812,0.04241629086269988,1.053496836325091,0,0.001526417145894511,0.0018782590733863588,1.5445589999981166
371,0.012068038366730727,0.0019309776209337278,0.013999015987664455,0.15535789884476892,0.04236759378184558,1.053496836325091,0,0.001521494136739279,0.0018718443989719584,1.5484462999993411
372,0.012040476074173207,0.0019324793633501906,0.013972955437523398,0.1551803858364401,0.04231918427654335,1.053496836325091,0,0.001518739413868587,0.0018615987126538872,1.5524642999989737
373,0.012013012078487652,0.0019339777278605831,0.013946989806348235,0.1550033036969706,0.042270892273324645,1.053496836325091,0,0.0015148567850905704,0.0018582776772789703,1.5562868999986676
374,0.01198567508066524,0.001935473808699472,0.013921148889364712,0.15482683927966262,0.04222276872888276,1.053496836325091,0,0.001511387124337979,0.0018527952871781016,1.56020499999795
375,0.011958456675625704,0.0019369668125402224,0.013895423488165927,0.1546509403503626,0.04217479939846145,1.053496836325091,0,0.0015040514123818359,0.0018479366468408618,1.5641163000000233
376,0.011931500562411287,0.001938456961272454,0.013869957523683741,0.1544765390757528,0.04212723849288376,1.053496836325091,0,0.0015011920982327509,0.0018326871796223987,1.5680233999992197
377,0.01190464436600704,0.0019399412647080078,0.013844585630715047,0.1543025882220194,0.042079800421412766,1.053496836325091,0,0.0014982012115501346,0.0018292696949770435,1.5718508999998448
378,0.011877891376025318,0.001941422104328205,0.013819313480353524,0.1541291106574311,0.042032491420445364,1.053496836325091,0,0.0014951574759531452,0.001825417606248582,1.5757983999974385
379,0.011851243721154113,0.0019429003542391107,0.013794144075393224,0.15395612180848225,0.04198531569693499,1.053496836325091,0,0.0014878539845989765,0.0018213209358107724,1.5796467999971355
380,0.011824847220519347,0.0019443762893696405,0.013769223509888988,0.15378457153121275,0.0419385322857627,1.053496836325091,0,0.001484760911778735,0.0018066046989237527,1.5836495000003197
381,0.011798555408028624,0.0019458469004986346,0.013744402308527259,0.1536135111767752,0.04189188248126045,1.053496836325091,0,0.0014821259254901456,0.0018026580325246689,1.5874942999980703
382,0.011772358916867893,0.0019473141068348874,0.01371967302370278,0.15344288133939543,0.04184535008290206,1.053496836325091,0,0.0014795609291081608,0.0017992259153485988,1.5914187999987917
383,0.011746250145378327,0.0019487790551741524,0.01369502920055248,0.15327263386122342,0.04179892195757846,1.053496836325091,0,0.0014768745445463425,0.0017962398307688034,1.5953630999974848
384,0.011720231040337457,0.0019502424849953484,0.013670473525332806,0.15310278273328318,0.041752601920776525,1.053496836325091,0,0.001473370292657971,0.0017930356233693695,1.599278999998205
385,0.011694317988731906,0.0019517046082141816,0.013646022596946087,0.15293343642730262,0.041706419553780114,1.053496836325091,0,0.0014699539676262814,0.0017885941069567637,1.6030974999994214
386,0.011668532710797772,0.001953164899781788,0.01362169761057956,0.15276473880315294,0.04166041408856024,1.053496836325091,0,0.001467435397415341,0.0017825696970464769,1.6069420999992872
387,0.011642833567249605,0.001954622293097362,0.013597455860346967,0.15259641914048708,0.04161451169707354,1.053496836325091,0,0.0014649264613920728,0.0017796423709894081,1.6107663000002503
388,0.011617219044110252,0.0019560778532533287,0.013573296897363581,0.15242846875902316,0.041568710012123616,1.053496836325091,0,0.0014624260658080823,0.0017767267076658187,1.614633799999865
389,0.011591688187187893,0.00195753211518725,0.013549220302375143,0.15226088261393925,0.04152300765793901,1.053496836325091,0,0.001459933846380893,0.0017738206988690325,1.6190435999997135
390,0.01156624031977015,0.001958985347703473,0.013525225667473623,0.15209365745993586,0.04147740374949531,1.053496836325091,0,0.0014574496286424233,0.0017709236669001135,1.6231479999987641
391,0.011540874905316146,0.001960437685969725,0.01350131259128587,0.15192679095746178,0.0414318976487744,1.053496836325091,0,0.0014521567562136943,0.00176803528278722,1.6270186999972793
392,0.011515654644466605,0.001961889196388615,0.01347754384085522,0.15176069744480358,0.041386602349813555,1.053496836325091,0,0.0014489083451719755,0.0017604770106568258,1.631145600000309
393,0.011490572264046204,0.0019633379597640797,0.013453910223810284,0.15159533148514967,0.041341505461557085,1.053496836325091,0,0.0014464478023815171,0.0017535551970006902,1.635661500000424
394,0.011465573411825098,0.0019647833384256685,0.013430356750250767,0.15143033653680557,0.04129650975165447,1.053496836325091,0,0.0014439006352476552,0.0017506786627602812,1.6399397999994108
395,0.011440659141579749,0.0019662266183014146,0.013406885759881164,0.15126572078022005,0.04125161745099279,1.053496836325091,0,0.001440439513337831,0.001747607364872507,1.6440975000004983
396,0.011415856562793359,0.001967668285526633,0.013383524848319991,0.15110166486702495,0.041206877825010174,1.053496836325091,0,0.0014379930580010582,0.0017424562258207194,1.6484181999985594
397,0.011391138224736677,0.001969107467522602,0.01336024569225928,0.15093798875522807,0.041162241774523094,1.053496836325091,0,0.0014354589661630828,0.0017393890118293065,1.6527833999971335
398,0.011366503702307292,0.001970544899525798,0.013337048601833091,0.15077469086227496,0.04111770886795372,1.053496836325091,0,0.001430620365926424,0.0017362772332568891,1.6570270999982313
399,0.011342014429594201,0.0019719809008553863,0.013313995330449588,0.15061218031483511,0.041073390678081204,1.053496836325091,0,0.0014280626988832721,0.001728513711821839,1.6611879999982193
400,0.01131762388104747,0.0019734127319474565,0.013291036612994927,0.15045015042230744,0.04102920356742784,1.053496836325091,0,0.0014256687450676757,0.0017244047999742228,1.6654791000000841
401,0.011293313563024841,0.001974841178972198,0.01326815474199704,0.15028847968506995,0.040985114401877694,1.053496836325091,0,0.0014226507562012602,0.0017216016827096248,1.6697545999995782
402,0.011269100795278295,0.001976267565596543,0.013245368360874837,0.15012728463059802,0.040941154959594474,1.053496836325091,0,0.0014201274062718195,0.0017173737844703625,1.6739600999972026
403,0.011244972468935873,0.0019776914729589096,0.013222663941894783,0.14996647938079946,0.040897301820796164,1.053496836325091,0,0.0014176832951358228,0.0017141402459685394,1.6781506999977864
404,0.011220923004948176,0.001979113380278991,0.013200036385227168,0.14980602794913278,0.04085354517160666,1.053496836325091,0,0.001415091720586457,0.0017112706461458365,1.682926800000132
405,0.011196958779957411,0.0019805338446175526,0.013177492624574964,0.14964597408522162,0.04080989694296925,1.053496836325091,0,0.0014123647670988004,0.0017078559478392163,1.6878313999986858
406,0.011173078242822824,0.001981952673232438,0.013155030916055261,0.14948630868961094,0.04076635465337501,1.053496836325091,0,0.0014096227484533901,0.0017045510219306334,1.6919908999989275
407,0.01114928981562207,0.001983370039426072,0.013132659855048141,0.1493270894086004,0.040722934023524504,1.053496836325091,0,0.0014059527830362585,0.0017005707664142836,1.6964382999976806
408,0.01112561811612836,0.001984785638229079,0.01311040375435744,0.1491684827041447,0.040679680449194365,1.053496836325091,0,0.0014019314480697507,0.0016947138611943433,1.7010709999995015
409,0.011102055843777532,0.0019861984351685403,0.013088254278946072,0.14901044153868903,0.040636581102790836,1.053496836325091,0,0.0013965561818654944,0.0016894579165044681,1.7053382999984024
410,0.011078680830944102,0.0019876084915893986,0.013066289322533502,0.14885349059356387,0.04059377906996092,1.053496836325091,0,0.0013940815245746818,0.001678218954524981,1.7095244999982242
411,0.011055396504247795,0.00198901334136285,0.013044409845610644,0.14869698385809846,0.04055109817737917,1.053496836325091,0,0.00139162693373227,0.001674498121293357,1.7137177999975393
412,0.011032192303384468,0.0019904147160417682,0.013022607019426237,0.1485408516428021,0.04050851942005093,1.053496836325091,0,0.0013893473460894032,0.0016714306313936798,1.7181706999981543
413,0.011009062046651927,0.0019918137562745675,0.013000875802926495,0.14838505347003064,0.04046603175933321,1.053496836325091,0,0.0013870164716014918,0.0016687301142793549,1.722335700000258
414,0.010986005382045586,0.0019932112686562404,0.012979216650701828,0.14822958801835473,0.0404236348348595,1.053496836325091,0,0.001384700534442332,0.0016659763967433402,1.72648449999906
415,0.010963022890384254,0.0019946076100300805,0.012957630500414334,0.148074460258238,0.04038133000212306,1.053496836325091,0,0.0013824442482640086,0.001663131980027917,1.7308343000004243
416,0.01094011172571652,0.0019960028875280725,0.012936114613244593,0.14791965201227672,0.04033911230397099,1.053496836325091,0,0.0013801949605114514,0.001660480067636897,1.735388299999613
417,0.010917271359617904,0.001997397298904236,0.01291466865852214,0.14776516070859128,0.040296981039026986,1.053496836325091,0,0.001377749031402103,0.0016578358621293383,1.73955709999791
418,0.010894505136985339,0.001998790942267987,0.012893296079253325,0.14761101000254243,0.04025494265833552,1.053496836325091,0,0.001375312470162428,0.0016549072867395834,1.743720399997983
419,0.010871817944410665,0.0020001835831330267,0.012872001527543692,0.14745723410135336,0.04021300649053548,1.053496836325091,0,0.0013730857762431464,0.0016515987516875416,1.7480789000001096
420,0.010849201070349765,0.002001574778674697,0.012850775849024462,0.14730377503886155,0.04017115672769663,1.053496836325091,0,0.0013706530478025795,0.0016489804226491967,1.7523929999988468
421,0.010826657604778923,0.002002964906650207,0.01282962251142913,0.14715065480505973,0.04012939936670156,1.053496836325091,0,0.0013681292274614898,0.001646074746291459,1.756558799999766
422,0.010804195746555686,0.0020043540061827464,0.012808549752738433,0.14699793023410695,0.040087749906772274,1.053496836325091,0,0.0013659230449791864,0.0016425080840784742,1.7607585000005201
423,0.010781803063299608,0.0020057418135547337,0.012787544876854342,0.14684551789754843,0.04004618559616644,1.053496836325091,0,0.0013632201769341054,0.0016399105511223065,1.7651498999985051
424,0.010759488152059512,0.002007128629304228,0.012766616781363739,0.1466934773741458,0.04000472268258559,1.053496836325091,0,0.0013603421868984343,0.0016365999644297141,1.7693514999991748
425,0.010737268920832932,0.002008514234228499,0.01274578315506143,0.14654193202515745,0.03996339480783182,1.053496836325091,0,0.0013581345510438555,0.0016318831103883718,1.7734975999992457
426,0.01071511911901199,0.002009897600042237,0.012725016719054226,0.1463907040697051,0.0399221534893491,1.053496836325091,0,0.0013537592425167792,0.0016292789352028167,1.7777891000005184
427,0.01069309358615334,0.0020112794803007947,0.012704373066454135,0.14624016948946236,0.0398811012609573,1.053496836325091,0,0.0013513528754981225,0.0016222888390535135,1.7820604999978968
428,0.01067115488598802,0.0020126578154120284,0.012683812701400048,0.14609007417335387,0.039840168824121266,1.053496836325091,0,0.0013491626730594022,0.0016183691195574674,1.786344599997392
429,0.0106492868593421,0.002014033142679629,0.012663320002021729,0.14594030875218883,0.03979932635281038,1.053496836325091,0,0.0013470083015651789,0.0016156576780779468,1.7904906999974628
430,0.01062748624594854,0.0020154064218487295,0.012642892667797268,0.14579085188000335,0.0397585680257749,1.053496836325091,0,0.0013440491083239214,0.0016131104813902895,1.7947237999978825
431,0.010605767100956436,0.002016778332840284,0.01262254543379672,0.14564180101163565,0.03971792041988687,1.053496836325091,0,0.0013413698676238378,0.0016093812179846308,1.7990346999977191
432,0.010584139996681183,0.0020181486965416594,0.012602288693222843,0.1454932300602415,0.03967740369197503,1.053496836325091,0,0.001339239814641817,0.0016048063110661568,1.8032009999988077
433,0.010562579163525442,0.002019517046168417,0.012582096209693859,0.14534496319807882,0.039636969892122384,1.053496836325091,0,0.0013356497458504814,0.0016022870147264312,1.8074005999988003
434,0.010541121697448452,0.0020208840417463123,0.012562005739194764,0.1451972568435675,0.039596688948099146,1.053496836325091,0,0.0013332324168138798,0.0015967506657289948,1.8116861999988032
435,0.010519744131817612,0.0020222493186489747,0.012541993450466585,0.14504995092600073,0.03955651720708348,1.053496836325091,0,0.0013311178380999587,0.0015930806866086603,1.816804599999159
436,0.01049843211964089,0.0020236129934003643,0.012522045113041254,0.14490294765560077,0.0395164280008621,1.053496836325091,0,0.0013290114352906214,0.0015905236678774657,1.8210130000006757
437,0.010477184307160162,0.002024975529213649,0.012502159836373811,0.14475623860241854,0.03947641903050678,1.053496836325091,0,0.0013260177732938886,0.0015880214843447076,1.8262011999977403
438,0.010456014825515754,0.002026337182759876,0.01248235200827563,0.14460992238097464,0.03943651718914613,1.053496836325091,0,0.001322138486427239,0.0015843524924830609,1.8325697999971453
439,0.010434974260620317,0.00202769754262408,0.012462671803244396,0.14446435034720723,0.039396818294924994,1.053496836325091,0,0.0013200595549912573,0.001576642368216077,1.8371799999986251
440,0.010413998846210972,0.002029054549675541,0.012443053395886514,0.14431908291151915,0.03935720246753078,1.053496836325091,0,0.001317989074303706,0.0015741734732014141,1.8416447999989032
441,0.010393086949569629,0.0020304095054806555,0.012423496455050285,0.14417410967000718,0.03931766686971896,1.053496836325091,0,0.0013159252915126707,0.0015717155760734767,1.8458758999986458
442,0.010372237611820198,0.002031763078976279,0.012404000690796477,0.1440294248535361,0.039278209928190845,1.053496836325091,0,0.0013138676677366319,0.0015692654901416382,1.849976899997273
443,0.01035145021218185,0.0020331156146657027,0.012384565826847552,0.14388502501776793,0.03923883070364235,1.053496836325091,0,0.0013101991457557254,0.0015668222240059454,1.8540635999997903
444,0.010330757703171002,0.0020344672895874455,0.012365224992758448,0.14374114027077287,0.039199591948758175,1.053496836325091,0,0.0013070269150180901,0.0015616885048305204,1.8579997999986517
445,0.010310171139768872,0.002035816877190306,0.012345988016959178,0.14359784914662804,0.039160515080536765,1.053496836325091,0,0.0013037074580983731,0.001555731966910107,1.862104799998633
446,0.010289679766370557,0.002037163038683238,0.012326842805053796,0.1434550784487643,0.03912158013756946,1.053496836325091,0,0.0013004405166459846,0.0015507233507017068,1.8660976999999548
447,0.010269283690141327,0.0020385062233094367,0.012307789913450762,0.14331283048032598,0.03908278774794588,1.053496836325091,0,0.001297099686555099,0.0015456424572252733,1.8700143999994907
448,0.01024900134215203,0.002039846536063783,0.012288847878215813,0.14317123553390207,0.039044173443708634,1.053496836325091,0,0.00129508592100816,0.0015390281576262929,1.8741166999971028
449,0.010228781480036789,0.0020411830735816657,0.012269964553618454,0.14302993728612753,0.03900564005204775,1.053496836325091,0,0.0012930823564192657,0.0015366228620042194,1.8780143999974825
450,0.010208622254670714,0.0020425173207872503,0.012251139575457964,0.14288892367619482,0.038967184283864954,1.053496836325091,0,0.0012910863987503358,0.0015342324811312656,1.8820797999978822
451,0.01018852259216287,0.002043850048267109,0.012232372640429978,0.14274818802466718,0.03892880431761358,1.053496836325091,0,0.0012889625495810862,0.0015318521932098698,1.88621399999829
452,0.010168485128497155,0.002045181657886505,0.012213666786383661,0.1426077496386305,0.03889050541852171,1.053496836325091,0,0.0012865634175240638,0.0015292089765554743,1.890217299998767
453,0.010148514057410477,0.0020465122100949322,0.012195026267505408,0.14246763883359953,0.03885229585392191,1.053496836325091,0,0.0012842414347387322,0.0015262016889992828,1.8942260000003444
454,0.010128616197072933,0.0020478415445685134,0.012176457741641446,0.14232790448167873,0.03881418895170726,1.053496836325091,0,0.0012822705705477202,0.0015226310675065197,1.8988198000006378
455,0.010108776861641354,0.0020491692802098835,0.012157946141851237,0.14218844440840722,0.03877615684791924,1.053496836325091,0,0.0012803057491590417,0.0015202779152185463,1.9028823999979068
456,0.010088995335670876,0.0020504958736917763,0.012139491209362653,0.14204925438502575,0.0387381983893345,1.053496836325091,0,0.0012781373329365342,0.0015179317520626807,1.906925199997204
457,0.010069275097761489,0.0020518215623598073,0.012121096660121296,0.14191035971881327,0.0387003204774915,1.053496836325091,0,0.0012759989069517671,0.0015152652548708183,1.91080890000012
458,0.010049617985351473,0.002053146226384991,0.012102764211736464,0.1417717742383968,0.038662526883589884,1.053496836325091,0,0.001273728634897399,0.0015124413985696786,1.9148190999985673
459,0.010030028656781367,0.0020544696979458033,0.01208449835472717,0.14163353174147264,0.03862482682458662,1.053496836325091,0,0.001271786433772906,0.0015092301799600719,1.9189810999996553
460,0.010010496461985732,0.002055791678216623,0.012066288140202355,0.14149555796551164,0.03858720004837549,1.053496836325091,0,0.0012698497792839113,0.0015069069472538191,1.9228970000003756
461,0.009991020733964767,0.002057112592800421,0.012048133326765189,0.14135784897885767,0.03854964548275605,1.053496836325091,0,0.0012679184315541607,0.0015045897484146698,1.9268057999979646
462,0.00997160101918799,0.0020584326601003943,0.012030033679288385,0.14122040234461866,0.03851216246316438,1.053496836325091,0,0.0012659922891857362,0.0015022781526325662,1.9307229999976698
463,0.009952236974138617,0.002059751991726909,0.012011988965865526,0.14108321639471236,0.038474750534698385,1.053496836325091,0,0.0012640712896124836,0.0014999719787922017,1.9348385999983293
464,0.009932928312697372,0.002061070644241256,0.011993998956938628,0.14094628986033916,0.03843740935134422,1.053496836325091,0,0.0012618422580931942,0.0014976711165836354,1.9387284999975236
465,0.00991368130007029,0.002062388645626532,0.011976069945696822,0.14080966799243785,0.03840015125346828,1.053496836325091,0,0.0012591024410573439,0.0014948318159919362,1.9425971999989997
466,0.009894508823209382,0.0020637057271073313,0.011958214550316714,0.14067344328770362,0.03836300146580928,1.053496836325091,0,0.0012568313204707957,0.001490922770246802,1.9464649999972607
467,0.009875407220321826,0.0020650212557394992,0.011940428476061325,0.14053759084545192,0.03832595319771097,1.053496836325091,0,0.0012535321486748232,0.001487351993941083,1.95049459999791
468,0.009856394988375681,0.0020663350125605068,0.011922730000936188,0.14040224348902464,0.03828904267137662,1.053496836325091,0,0.0012490071876213105,0.0014822311578365733,1.954395900000236
469,0.009837505915155965,0.002067646297087044,0.011905152212243008,0.14026764356155674,0.03825233597611085,1.053496836325091,0,0.0012469427135951194,0.0014743090459818768,1.9582635999977356
470,0.009818692821715568,0.002068953482366293,0.01188764630408186,0.14013345654564843,0.03821574188580018,1.053496836325091,0,0.0012450733358843017,0.0014704480756781305,1.962141199997859
471,0.009799935296565065,0.0020702575103370533,0.011870192806902118,0.13999953783184474,0.0381792209640549,1.053496836325091,0,0.0012432114982202026,0.0014682046162283126,1.966026599999168
472,0.00978123183579204,0.0020715596109906996,0.011852791446782739,0.1398658774382947,0.038142770488728196,1.053496836325091,0,0.001240530917101873,0.0014659711432202414,1.9698843000005581
473,0.00976259663686713,0.002072860422526385,0.011835457059393515,0.13973257771090555,0.03810641837053369,1.053496836325091,0,0.0012383502406340527,0.0014624729935604395,1.973774999998568
474,0.009744032197151233,0.002074159277523696,0.011818191474674928,0.1395996575722966,0.03807016976985174,1.053496836325091,0,0.0012364535947985377,0.0014588016864869157,1.9776242999978422
475,0.009725522222995862,0.002075455761257463,0.011800977984253325,0.139467001279843,0.038033993122554934,1.053496836325091,0,0.0012343432393145837,0.0014565249224883121,1.9814836000005016
476,0.009707073199840068,0.002076750707764988,0.011783823907605056,0.13933465613292387,0.03799790132763905,1.053496836325091,0,0.001232466294417019,0.0014536148335467668,1.9853784999977506
477,0.009688677046215744,0.0020780443235729265,0.011766721369788671,0.13920256496355046,0.037961878794843515,1.053496836325091,0,0.001230467042337659,0.0014513572122668318,1.9892259999978705
478,0.009670336624492817,0.0020793369407454917,0.011749673565238308,0.13907074907753117,0.03792593133446727,1.053496836325091,0,0.0012270076012816738,0.0014488151809333792,1.9930611999989196
479,0.009652079157757424,0.002080628552521639,0.011732707710279063,0.1389394051934686,0.03789011259356596,1.053496836325091,0,0.001222497995033788,0.0014439426648786776,1.9976222000004782
480,0.009633962908459548,0.002081917868769585,0.011715880777229133,0.1388089543830624,0.03785453740244339,1.053496836325091,0,0.0012198409782950722,0.0014341900834355474,2.0020387999975355
481,0.009615919399662982,0.0020832021973972775,0.011699121597060259,0.138678905386962,0.037819071789948054,1.053496836325091,0,0.001217537080072853,0.0014304669437612794,2.0062424999996438
482,0.009597948516900838,0.00208448281669027,0.011682431333591108,0.13854925851047228,0.03778371583933952,1.053496836325091,0,0.0012146668228095957,0.0014266253522268442,2.0104533999983687
483,0.009580054372620871,0.002085760059623186,0.011665814432244057,0.13842004459341048,0.03774847796093267,1.053496836325091,0,0.001212836801189443,0.001422383823414559,2.0146881000000576
484,0.009562218472374871,0.0020870342577948755,0.011649252730169746,0.1382911311138561,0.037713322014724736,1.053496836325091,0,0.001211065969199917,0.001419678169106991,2.0190077000006568
485,0.009544432988683061,0.0020883063418199142,0.011632739330502975,0.13816246225862552,0.03767823277992354,1.053496836325091,0,0.001209282694549232,0.0014175501252543026,2.023199100000056
486,0.009526697180917353,0.002089577078252825,0.011616274259170178,0.1380340333462538,0.037643208979848554,1.053496836325091,0,0.0012064191251742946,0.0014154079159689743,2.0274045999976806
487,0.00950904047470544,0.0020908468546098477,0.011599887329315287,0.1379060584217056,0.03760830898662106,1.053496836325091,0,0.0012044020705359324,0.0014106872383763604,2.0318922999977076
488,0.009491439542587583,0.002092114617917892,0.011583554160505476,0.1377783694386574,0.03757348697239178,1.053496836325091,0,0.0012017222344946385,0.0014080454702808142,2.0360875999976997
489,0.009473901852409556,0.002093380748292069,0.011567282600701626,0.1376510214448811,0.03753875794921776,1.053496836325091,0,0.0011948901690549962,0.0014047121961348683,2.040289299999131
490,0.0094565555342219,0.0020946453708303604,0.01155120090505226,0.1375249470766806,0.03750437625599237,1.053496836325091,0,0.0011898363616952372,0.0013902742938423733,2.044562799997948
491,0.00943933769421242,0.0020959052300980165,0.011535242924310435,0.13739969209727088,0.037470218017973934,1.053496836325091,0,0.0011874828985291431,0.0013814997135791597,2.048909499997535
492,0.009422206711547055,0.0020971596196910883,0.011519366331238142,0.13727495555670055,0.037436201163215124,1.053496836325091,0,0.0011821944109258941,0.001376355329182761,2.0532916999982262
493,0.009405210295008062,0.002098409603894379,0.011503619898902442,0.1371510867256112,0.03740242094118039,1.053496836325091,0,0.0011804152055617334,0.0013669529974925498,2.057833299997583
494,0.009388275836834757,0.002099655845814566,0.011487931682649324,0.13702755808110104,0.03736873349129889,1.053496836325091,0,0.0011787127712404094,0.0013637634406378871,2.062036299997999
495,0.009371389030959052,0.002100899613668998,0.01147228864462805,0.13690426604718386,0.03733511056740263,1.053496836325091,0,0.001177018468407411,0.001361693162303609,2.0662515999974858
496,0.009354548729685084,0.0021021417863418606,0.011456690516026945,0.13678120287294657,0.03730155005574303,1.053496836325091,0,0.0011753308021972152,0.0013596352989608542,2.0703912999997556
497,0.009337754234916661,0.0021033828272067363,0.011441137062123397,0.136658364068334,0.037268050731838864,1.053496836325091,0,0.001171947331910906,0.0013575869821909044,2.074616199999582
498,0.009321035509047119,0.002104622980229824,0.011425658489276944,0.1365359696859924,0.03723467260616396,1.053496836325091,0,0.0011688400110965867,0.0013528876336685461,2.078897600000346
499,0.009304412369579242,0.0021058615118733923,0.011410273881452635,0.1364141661967645,0.03720145562272641,1.053496836325091,0,0.0011651021572051912,0.0013464963825714758,2.083117799997126
500,0.009287892742086596,0.002107097303209504,0.011394990045296101,0.1362930133358757,0.03716841607189692,1.053496836325091,0,0.0011629980361188247,0.001339480218908512,2.0873556999977154
