identity,status,iterations,alpha,total_relative,baseline_relative,noise_perturbation_relative,cross_relative_squared,baseline_lower,baseline_upper,noise_lower,noise_upper
continuous_coincident_points_G_10000_unweighted_ideal_control,converged,322,106673.04998722274,0.9442303658887441,0.9419883376270397,0.02077546997470151,0.0037973354883682475,0.9419438376484877,0.9420328376055918,0.02067526706474771,0.02087567288465531
continuous_coincident_points_G_10000_fixed_weighted_ideal_control,converged,306,7702.453113376259,0.9619382642938515,0.9610554005239581,0.020328024145468394,0.0012845128707438035,0.9609887225752043,0.9611220784727119,0.020159417616479092,0.020496630674457693
continuous_separated_points_G_10000_unweighted_ideal_control,converged,313,106673.04998722274,0.8545332519248569,0.853514674585205,0.015570706386624415,0.0014973320156039494,0.8533769071083962,0.853652442062014,0.015313671785121918,0.015827740988126913
continuous_separated_points_G_10000_fixed_weighted_ideal_control,converged,344,13526.609366128758,0.9293426684857155,0.9276146986435458,0.020377505729446563,0.0027935235888404963,0.9275554976628044,0.9276738996242873,0.020247570275175864,0.02050744118371726
continuous_lines_and_square_G_10000_unweighted_ideal_control,converged,392,106673.04998722274,0.6448442459485862,0.6433968299263878,0.035749886885653205,0.0005865663613386897,0.6432797361742146,0.6435139236785609,0.03427776815268551,0.03722200561862089
continuous_lines_and_square_G_10000_fixed_weighted_ideal_control,converged,324,250.196310382949,0.6212124238988059,0.6171407852707896,0.04265580853871198,0.0032226087594916437,0.6169103941308094,0.6173711764107699,0.04179606983654631,0.04351554724087765
nearest_depth_coincident_points_G_10000_unweighted_ideal_control,converged,324,101738.65520946303,0.9415182028500138,0.9421881444333018,0.01964645069645127,-0.0016479562377166813,0.9421455326249921,0.9422307562416115,0.01953255565216312,0.019760345740739427
nearest_depth_coincident_points_G_10000_fixed_weighted_ideal_control,converged,310,7526.509421759941,0.9603471282143169,0.9615387306311298,0.0241537210125892,-0.002873526072992816,0.9614796796723614,0.9615977815898983,0.02403233234771506,0.02427510967746334
nearest_depth_separated_points_G_10000_unweighted_ideal_control,converged,312,101738.65520946303,0.8514654117430264,0.854016817394216,0.01384500839972954,-0.004543061255012777,0.8538726032918503,0.8541610314965815,0.01354215920753344,0.01414785759192564
nearest_depth_separated_points_G_10000_fixed_weighted_ideal_control,converged,347,12817.39485184877,0.9283705935915909,0.9277921893644135,0.017386103725660577,0.0007713357972314904,0.9277386885472824,0.9278456901815448,0.017261315058055882,0.01751089239326527
nearest_depth_lines_and_square_G_10000_unweighted_ideal_control,converged,392,101738.65520946303,0.6432874231562882,0.64433749221338,0.03866484763518392,-0.0028470655234220277,0.6442218203883509,0.6444531640384091,0.03841476244323907,0.03891493282712877
nearest_depth_lines_and_square_G_10000_fixed_weighted_ideal_control,converged,324,244.69363534854799,0.6190023726549495,0.618504405266306,0.0407000233195894,-0.0010402538795850785,0.6182686347537578,0.6187401757788541,0.04026713295897424,0.04113291368020456
