device,wavelength_nm,q,eta_window,A3,angle_deg,R50_um,R80_um
continuous,420,1,0.8952981029076212,0.5248300896914758,-43.650584389655286,82.98515047886579,165.97030095773158
continuous,420,4,0.89529558749666,0.5214539566547612,-43.6358946167406,82.98515047886579,165.97030095773158
continuous,420,8,0.8952954549282387,0.5212853596176645,-43.63519355276336,82.98515047886579,165.97030095773158
continuous,540,1,0.9413738873796748,0.2645203263806628,32.2343210175123,49.76,105.92278319606223
continuous,540,4,0.9413679512430119,0.26069600192776626,32.24010863953016,49.76,105.92278319606223
continuous,540,8,0.9413676534603351,0.2605078029603563,32.24041335399174,49.76,105.92278319606223
continuous,660,1,0.8647412930958659,0.4603465596893957,-27.89047162491003,90.56456702264965,220.8756944527849
continuous,660,4,0.8647450358876421,0.4572210780406997,-27.884020490368798,90.56456702264965,221.48790305567482
continuous,660,8,0.8647452127995561,0.4570660503161351,-27.88370338093709,90.56456702264965,221.48790305567482
nearest_depth,420,1,0.8583933140384046,0.5239398399050873,-43.64945037173933,86.63457508408523,204.03117016769767
nearest_depth,420,4,0.8583907225818402,0.5205658470809115,-43.63498281992768,86.63457508408523,204.03117016769767
nearest_depth,420,8,0.8583905868919334,0.5203973565347517,-43.6342927623987,86.63457508408523,204.03117016769767
nearest_depth,540,1,0.9192751146042595,0.2645343213655212,32.27544696488797,50.14724319441697,111.26674256038953
nearest_depth,540,4,0.9192692287868452,0.2607115990891224,32.28152919413565,50.14724319441697,111.26674256038953
nearest_depth,540,8,0.9192689337002181,0.26052347886262706,32.281848444570336,50.14724319441697,111.26674256038953
nearest_depth,660,1,0.8522677298126022,0.4610581533203199,-27.88552133923958,92.46694760832109,238.07248056001768
nearest_depth,660,4,0.8522717181351211,0.45792969632613767,-27.879189001610758,92.46694760832109,238.07248056001768
nearest_depth,660,8,0.8522719073869996,0.45777452014912207,-27.87887780776164,92.46694760832109,238.07248056001768
floor_depth,420,1,0.8618748506019545,0.5267662541810463,-43.64535172460168,84.60114656433446,195.31196174325828
floor_depth,420,4,0.8618725295593712,0.5233857391189288,-43.63025611883791,86.4110016143778,196.39840834385598
floor_depth,420,8,0.8618724065529652,0.5232169247055949,-43.62953488965007,86.4110016143778,196.39840834385598
floor_depth,540,1,0.9189831339582071,0.26449218969652455,32.13566127337113,50.14724319441697,111.26674256038953
floor_depth,540,4,0.9189775331780218,0.2606653883535736,32.14076735292615,50.14724319441697,111.26674256038953
floor_depth,540,8,0.9189772519442314,0.26047706718401825,32.14103842646855,50.14724319441697,111.26674256038953
floor_depth,660,1,0.8492718643991904,0.45872313836791156,-27.89566452013292,92.4669476083211,242.58
floor_depth,660,4,0.8492749281596271,0.4556046992280429,-27.888975765436772,92.4669476083211,242.58
floor_depth,660,8,0.8492750714844985,0.4554500225144655,-27.888646820895705,92.4669476083211,242.58
