pair,device,wavelength_nm,intensity_l1,intensity_l2,within_tolerance
input_coarse->baseline,fresnel,420,0.0023335940547350915,0.002819456282063388,True
input_coarse->baseline,fresnel,540,0.00036643681320648987,0.00014766852560383205,True
input_coarse->baseline,fresnel,660,0.0008364388979726631,0.0007795990228091054,True
input_coarse->baseline,jeon,420,0.0022737521175455054,0.0017764121136447833,True
input_coarse->baseline,jeon,540,0.001271878931576136,0.0008528913437022457,True
input_coarse->baseline,jeon,660,0.0016731482852602605,0.0015332307696697182,True
baseline->input_fine,fresnel,420,0.0005688451339114529,0.0005859231897306965,True
baseline->input_fine,fresnel,540,0.00014065746139722008,7.820597881875654e-05,True
baseline->input_fine,fresnel,660,0.00026094617725482737,0.00021914839014107248,True
baseline->input_fine,jeon,420,0.0010903792302747821,0.0009412847711691234,True
baseline->input_fine,jeon,540,0.0006263624443678634,0.000439688815810051,True
baseline->input_fine,jeon,660,0.0007832744951793321,0.0007092936465623463,True
output_coarse->input_fine,fresnel,420,0.002563313840738479,0.0029177680071211915,True
output_coarse->input_fine,fresnel,540,0.004262953183429653,0.0037206875997501383,True
output_coarse->input_fine,fresnel,660,0.0010308715389250865,0.0012976269485746213,True
output_coarse->input_fine,jeon,420,0.003019374623390474,0.0028563949426804016,True
output_coarse->input_fine,jeon,540,0.0021777960755541823,0.002216463282357654,True
output_coarse->input_fine,jeon,660,0.0012524913783764078,0.0014463822732458506,True
input_fine->output_fine,fresnel,420,0.0006426849418454247,0.000731499888354317,True
input_fine->output_fine,fresnel,540,0.0010682593056927198,0.0009316724538656749,True
input_fine->output_fine,fresnel,660,0.0002582331149660781,0.00032497493496523594,True
input_fine->output_fine,jeon,420,0.0007572388887013195,0.0007159319937633229,True
input_fine->output_fine,jeon,540,0.0005455697693398786,0.0005549873682429552,True
input_fine->output_fine,jeon,660,0.00031363671243744444,0.00036200619881787715,True
